identifier	lang_code	gloss	transcription_norm	ipa	residual
rosettaproject_akh_swadesh-1	akh	bad	ko	ko	
rosettaproject_akh_swadesh-1	akh	big	anda	anda	
rosettaproject_akh_swadesh-1	akh	big	andá	andá	á
rosettaproject_akh_swadesh-1	akh	blood	kejép	kejép	é
rosettaproject_akh_swadesh-1	akh	blood	keǯep	ked͡ʒep	
rosettaproject_akh_swadesh-1	akh	cut	karun	karun	
rosettaproject_akh_swadesh-1	akh	cut	karún	karún	ú
rosettaproject_akh_swadesh-1	akh	eye	el	el	
rosettaproject_akh_swadesh-1	akh	father	a:b	a:b	
rosettaproject_akh_swadesh-1	akh	father	aːb	aːb	
rosettaproject_akh_swadesh-1	akh	foot	anga	anga	
rosettaproject_akh_swadesh-1	akh	foot	aŋa	aŋa	
rosettaproject_akh_swadesh-1	akh	good	eve	eve	
rosettaproject_akh_swadesh-1	akh	good	evé	evé	é
rosettaproject_akh_swadesh-1	akh	hair	iri	iri	
rosettaproject_akh_swadesh-1	akh	he/she	ngo	ngo	
rosettaproject_akh_swadesh-1	akh	he/she	ŋo	ŋo	
rosettaproject_akh_swadesh-1	akh	head	wendjuba	wendjuba	
rosettaproject_akh_swadesh-1	akh	head	wenǯuba	wend͡ʒuba	
rosettaproject_akh_swadesh-1	akh	hit	luruk	luruk	
rosettaproject_akh_swadesh-1	akh	hit	lurúk	lurúk	ú
rosettaproject_akh_swadesh-1	akh	i	ni	ni	
rosettaproject_akh_swadesh-1	akh	long	chor	chor	
rosettaproject_akh_swadesh-1	akh	long	čor	t͡ʃor	
rosettaproject_akh_swadesh-1	akh	man	ab	ab	
rosettaproject_akh_swadesh-1	akh	moon	ej	ej	
rosettaproject_akh_swadesh-1	akh	moon	eǯ	ed͡ʒ	
rosettaproject_akh_swadesh-1	akh	mother	am	am	
rosettaproject_akh_swadesh-1	akh	mother	anyi	anyi	
rosettaproject_akh_swadesh-1	akh	mother	anǯi	and͡ʒi	
rosettaproject_akh_swadesh-1	akh	name	bi	bi	
rosettaproject_akh_swadesh-1	akh	rain	che	che	
rosettaproject_akh_swadesh-1	akh	rain	če	t͡ʃe	
rosettaproject_akh_swadesh-1	akh	see	-ubuːk	-ubuːk	
rosettaproject_akh_swadesh-1	akh	see	ubu:k	ubu:k	
rosettaproject_akh_swadesh-1	akh	short	hi	hi	
rosettaproject_akh_swadesh-1	akh	small	kangk	kangk	
rosettaproject_akh_swadesh-1	akh	small	kaŋk	kaŋk	
rosettaproject_akh_swadesh-1	akh	star	manfinš	manfinʃ	
rosettaproject_akh_swadesh-1	akh	star	manshinsh	manshinsh	
rosettaproject_akh_swadesh-1	akh	sun	nar	nar	
rosettaproject_akh_swadesh-1	akh	they	mindi	mindi	
rosettaproject_akh_swadesh-1	akh	thou	anyi	anyi	
rosettaproject_akh_swadesh-1	akh	thou	ye	ye	
rosettaproject_akh_swadesh-1	akh	walk	mban	mban	
rosettaproject_akh_swadesh-1	akh	walk	pu(k)	pu(k)	
rosettaproject_akh_swadesh-1	akh	walk	pu(k)!	pu(k)!	
rosettaproject_akh_swadesh-1	akh	water	ip	ip	
rosettaproject_akh_swadesh-1	akh	we	na	na	
rosettaproject_akh_swadesh-1	akh	we two	ya	ya	
rosettaproject_akh_swadesh-1	akh	we two (incl.)	ya	ya	
rosettaproject_akh_swadesh-1	akh	woman	ten	ten	
rosettaproject_akh_swadesh-1	akh	you	anyi	anyi	
rosettaproject_bhg_swadesh-1	bhg	all	enomakanuma	enomakanuma	
rosettaproject_bhg_swadesh-1	bhg	all	matawa	matawa	
rosettaproject_bhg_swadesh-1	bhg	ankle	tai akuma	tai akuma	
rosettaproject_bhg_swadesh-1	bhg	ankle	taia kuma	taia kuma	
rosettaproject_bhg_swadesh-1	bhg	arm	gombu	gombu	
rosettaproject_bhg_swadesh-1	bhg	arm	ingo	ingo	
rosettaproject_bhg_swadesh-1	bhg	arm	ipa	ipa	
rosettaproject_bhg_swadesh-1	bhg	arm	ipa tutu	ipa tutu	
rosettaproject_bhg_swadesh-1	bhg	arm	iŋo	iŋo	
rosettaproject_bhg_swadesh-1	bhg	arrow	unini gi	unini gi	
rosettaproject_bhg_swadesh-1	bhg	ashes	aewa	aewa	
rosettaproject_bhg_swadesh-1	bhg	ashes	aiwa	aiwa	
rosettaproject_bhg_swadesh-1	bhg	ashes	avetu	avetu	
rosettaproject_bhg_swadesh-1	bhg	ashes	aviga	aviga	
rosettaproject_bhg_swadesh-1	bhg	ashes	aßetu	aßetu	ß
rosettaproject_bhg_swadesh-1	bhg	ashes	aßiga	aßiga	ß
rosettaproject_bhg_swadesh-1	bhg	ashes	ingotu	ingotu	
rosettaproject_bhg_swadesh-1	bhg	back	asiŋa	asiŋa	
rosettaproject_bhg_swadesh-1	bhg	back	guŋ	guŋ	
rosettaproject_bhg_swadesh-1	bhg	back	guŋ veto	guŋ veto	
rosettaproject_bhg_swadesh-1	bhg	bad	bebegae	bebegae	
rosettaproject_bhg_swadesh-1	bhg	bad	beiae	beiae	
rosettaproject_bhg_swadesh-1	bhg	bad	beiai	beiai	
rosettaproject_bhg_swadesh-1	bhg	bad	beyai	beyai	
rosettaproject_bhg_swadesh-1	bhg	bark	ainto	ainto	
rosettaproject_bhg_swadesh-1	bhg	bark	ituka anito	ituka anito	
rosettaproject_bhg_swadesh-1	bhg	because	aiŋ	aiŋ	
rosettaproject_bhg_swadesh-1	bhg	belly	gomo ogo	gomo ogo	
rosettaproject_bhg_swadesh-1	bhg	belly	minǯi	mind͡ʒi	
rosettaproject_bhg_swadesh-1	bhg	belly	omboge	omboge	
rosettaproject_bhg_swadesh-1	bhg	belly	osi	osi	
rosettaproject_bhg_swadesh-1	bhg	belly	oti	oti	
rosettaproject_bhg_swadesh-1	bhg	belly	ovivi tumbu	ovivi tumbu	
rosettaproject_bhg_swadesh-1	bhg	belly	sini	sini	
rosettaproject_bhg_swadesh-1	bhg	belly	vitumu	vitumu	
rosettaproject_bhg_swadesh-1	bhg	big	ba(d)zina	ba(d)zina	
rosettaproject_bhg_swadesh-1	bhg	big	bazina	bazina	
rosettaproject_bhg_swadesh-1	bhg	big	ponoro	ponoro	
rosettaproject_bhg_swadesh-1	bhg	big	siakabadae	siakabadae	
rosettaproject_bhg_swadesh-1	bhg	big	čiyakabada	t͡ʃiyakabada	
rosettaproject_bhg_swadesh-1	bhg	bird	di	di	
rosettaproject_bhg_swadesh-1	bhg	bird	ni	ni	
rosettaproject_bhg_swadesh-1	bhg	bite	gambare	gambare	
rosettaproject_bhg_swadesh-1	bhg	bite	gambari	gambari	
rosettaproject_bhg_swadesh-1	bhg	bite	gambarigambari	gambarigambari	
rosettaproject_bhg_swadesh-1	bhg	bite	iatari	iatari	
rosettaproject_bhg_swadesh-1	bhg	bite	indari	indari	
rosettaproject_bhg_swadesh-1	bhg	bite	toaki ari	toaki ari	
rosettaproject_bhg_swadesh-1	bhg	bitter	dokaka	dokaka	
rosettaproject_bhg_swadesh-1	bhg	black	ingatapari	ingatapari	
rosettaproject_bhg_swadesh-1	bhg	black	munya	munya	
rosettaproject_bhg_swadesh-1	bhg	black	ogu	ogu	
rosettaproject_bhg_swadesh-1	bhg	blood	ororo	ororo	
rosettaproject_bhg_swadesh-1	bhg	blood	ororomi	ororomi	
rosettaproject_bhg_swadesh-1	bhg	blow	putari	putari	
rosettaproject_bhg_swadesh-1	bhg	bone	undoru	undoru	
rosettaproject_bhg_swadesh-1	bhg	bone	vetu	vetu	
rosettaproject_bhg_swadesh-1	bhg	boy	mai	mai	
rosettaproject_bhg_swadesh-1	bhg	branch	bonga	bonga	
rosettaproject_bhg_swadesh-1	bhg	branch	papamo	papamo	
rosettaproject_bhg_swadesh-1	bhg	branch	patu	patu	
rosettaproject_bhg_swadesh-1	bhg	breast	ami	ami	
rosettaproject_bhg_swadesh-1	bhg	breast	diǯi	did͡ʒi	
rosettaproject_bhg_swadesh-1	bhg	breast	emi	emi	
rosettaproject_bhg_swadesh-1	bhg	breathe	odana	odana	
rosettaproject_bhg_swadesh-1	bhg	breathe	opu	opu	
rosettaproject_bhg_swadesh-1	bhg	breathe	opu ari	opu ari	
rosettaproject_bhg_swadesh-1	bhg	brother	baǯina	bad͡ʒina	
rosettaproject_bhg_swadesh-1	bhg	brother	namenǯi	namend͡ʒi	
rosettaproject_bhg_swadesh-1	bhg	brother	naminǯi	namind͡ʒi	
rosettaproject_bhg_swadesh-1	bhg	brother	siaka	siaka	
rosettaproject_bhg_swadesh-1	bhg	burn	benibari	benibari	
rosettaproject_bhg_swadesh-1	bhg	burn	duŋari	duŋari	
rosettaproject_bhg_swadesh-1	bhg	butterfly	baiwa	baiwa	
rosettaproject_bhg_swadesh-1	bhg	butterfly	koriwa	koriwa	
rosettaproject_bhg_swadesh-1	bhg	butterfly	uve	uve	
rosettaproject_bhg_swadesh-1	bhg	calf	tai pamo	tai pamo	
rosettaproject_bhg_swadesh-1	bhg	calf	taida-mu-ndu	taida-mu-ndu	
rosettaproject_bhg_swadesh-1	bhg	cheek	opu	opu	
rosettaproject_bhg_swadesh-1	bhg	chest	gomo	gomo	
rosettaproject_bhg_swadesh-1	bhg	chest	opopo	opopo	
rosettaproject_bhg_swadesh-1	bhg	child	gagara siaka	gagara siaka	
rosettaproject_bhg_swadesh-1	bhg	child	mai	mai	
rosettaproject_bhg_swadesh-1	bhg	child	mai siaka	mai siaka	
rosettaproject_bhg_swadesh-1	bhg	child	mai/bebaegari	mai/bebaegari	
rosettaproject_bhg_swadesh-1	bhg	child	naka	naka	
rosettaproject_bhg_swadesh-1	bhg	chin	ototo	ototo	
rosettaproject_bhg_swadesh-1	bhg	claw	daŋgisi	daŋgisi	
rosettaproject_bhg_swadesh-1	bhg	cloud	gumbo	gumbo	
rosettaproject_bhg_swadesh-1	bhg	cloud	iŋa gaiyari	iŋa gaiyari	
rosettaproject_bhg_swadesh-1	bhg	cloud	poraga	poraga	
rosettaproject_bhg_swadesh-1	bhg	cloud	utu	utu	
rosettaproject_bhg_swadesh-1	bhg	cold	dademo	dademo	
rosettaproject_bhg_swadesh-1	bhg	cold	dademu	dademu	
rosettaproject_bhg_swadesh-1	bhg	cold	damodamo	damodamo	
rosettaproject_bhg_swadesh-1	bhg	come	gumbari	gumbari	
rosettaproject_bhg_swadesh-1	bhg	come	purari	purari	
rosettaproject_bhg_swadesh-1	bhg	count	aǯigari	ad͡ʒigari	
rosettaproject_bhg_swadesh-1	bhg	crocodile	gegera	gegera	
rosettaproject_bhg_swadesh-1	bhg	crocodile	imbaga	imbaga	
rosettaproject_bhg_swadesh-1	bhg	crocodile	ingaba	ingaba	
rosettaproject_bhg_swadesh-1	bhg	cut	gatari	gatari	
rosettaproject_bhg_swadesh-1	bhg	cut	ǯugari	d͡ʒugari	
rosettaproject_bhg_swadesh-1	bhg	dark	munya	munya	
rosettaproject_bhg_swadesh-1	bhg	dark	muɲa tumba	muɲa tumba	
rosettaproject_bhg_swadesh-1	bhg	dark	tumba	tumba	
rosettaproject_bhg_swadesh-1	bhg	daughter	gagara	gagara	
rosettaproject_bhg_swadesh-1	bhg	daughter	mai ai	mai ai	
rosettaproject_bhg_swadesh-1	bhg	day	iji	iji	
rosettaproject_bhg_swadesh-1	bhg	day	iǯi	id͡ʒi	
rosettaproject_bhg_swadesh-1	bhg	day	iǯi bedesia	id͡ʒi bedesia	
rosettaproject_bhg_swadesh-1	bhg	day	iɟi	iɟi	
rosettaproject_bhg_swadesh-1	bhg	day	yoyoesia	yoyoesia	
rosettaproject_bhg_swadesh-1	bhg	die	ambari	ambari	
rosettaproject_bhg_swadesh-1	bhg	die	betari	betari	
rosettaproject_bhg_swadesh-1	bhg	die	kainyari	kainyari	
rosettaproject_bhg_swadesh-1	bhg	die	patari	patari	
rosettaproject_bhg_swadesh-1	bhg	dig	adegari	adegari	
rosettaproject_bhg_swadesh-1	bhg	dig	awaegari	awaegari	
rosettaproject_bhg_swadesh-1	bhg	dig	bur-	bur-	
rosettaproject_bhg_swadesh-1	bhg	dig	durari	durari	
rosettaproject_bhg_swadesh-1	bhg	dig	goiari	goiari	
rosettaproject_bhg_swadesh-1	bhg	dig	goiyari	goiyari	
rosettaproject_bhg_swadesh-1	bhg	dig	mapari	mapari	
rosettaproject_bhg_swadesh-1	bhg	dog	ino	ino	
rosettaproject_bhg_swadesh-1	bhg	dog	sino	sino	
rosettaproject_bhg_swadesh-1	bhg	drink	indari	indari	
rosettaproject_bhg_swadesh-1	bhg	drink	uindari	uindari	
rosettaproject_bhg_swadesh-1	bhg	drink	uŋ indari	uŋ indari	
rosettaproject_bhg_swadesh-1	bhg	dry	dumbari	dumbari	
rosettaproject_bhg_swadesh-1	bhg	dry	kia kaia	kia kaia	
rosettaproject_bhg_swadesh-1	bhg	dry	paembari	paembari	
rosettaproject_bhg_swadesh-1	bhg	dry	tanambari	tanambari	
rosettaproject_bhg_swadesh-1	bhg	dust	popo	popo	
rosettaproject_bhg_swadesh-1	bhg	ear	deng(g)oro	deng(g)oro	
rosettaproject_bhg_swadesh-1	bhg	ear	dengoro	dengoro	
rosettaproject_bhg_swadesh-1	bhg	ear	deŋgoro	deŋgoro	
rosettaproject_bhg_swadesh-1	bhg	ear	deŋoro	deŋoro	
rosettaproject_bhg_swadesh-1	bhg	ear	tangere	tangere	
rosettaproject_bhg_swadesh-1	bhg	ear	tanggere	tanggere	
rosettaproject_bhg_swadesh-1	bhg	earth	butu	butu	
rosettaproject_bhg_swadesh-1	bhg	earth	buču	but͡ʃu	
rosettaproject_bhg_swadesh-1	bhg	eat	ind-ari	ind-ari	
rosettaproject_bhg_swadesh-1	bhg	eat	indari	indari	
rosettaproject_bhg_swadesh-1	bhg	eat	indogari	indogari	
rosettaproject_bhg_swadesh-1	bhg	egg	goaŋ	goaŋ	
rosettaproject_bhg_swadesh-1	bhg	egg	koira	koira	
rosettaproject_bhg_swadesh-1	bhg	egg	mu	mu	
rosettaproject_bhg_swadesh-1	bhg	egg	mundu	mundu	
rosettaproject_bhg_swadesh-1	bhg	elbow	ipambugu	ipambugu	
rosettaproject_bhg_swadesh-1	bhg	elbow	umbugo	umbugo	
rosettaproject_bhg_swadesh-1	bhg	emu	boke	boke	
rosettaproject_bhg_swadesh-1	bhg	emu	tomboru	tomboru	
rosettaproject_bhg_swadesh-1	bhg	eye	diǯi	did͡ʒi	
rosettaproject_bhg_swadesh-1	bhg	eye	gisi moka	gisi moka	
rosettaproject_bhg_swadesh-1	bhg	eye	jisi	jisi	
rosettaproject_bhg_swadesh-1	bhg	eye	kiti	kiti	
rosettaproject_bhg_swadesh-1	bhg	eye	ǯipatu	d͡ʒipatu	
rosettaproject_bhg_swadesh-1	bhg	eye	ǯisi	d͡ʒisi	
rosettaproject_bhg_swadesh-1	bhg	eye	ǯisi papari	d͡ʒisi papari	
rosettaproject_bhg_swadesh-1	bhg	eye	ǯisi patu	d͡ʒisi patu	
rosettaproject_bhg_swadesh-1	bhg	eye	ǯisi poŋ	d͡ʒisi poŋ	
rosettaproject_bhg_swadesh-1	bhg	eye	ǯisi tu	d͡ʒisi tu	
rosettaproject_bhg_swadesh-1	bhg	eye	ǯiworu	d͡ʒiworu	
rosettaproject_bhg_swadesh-1	bhg	eye	ɟisi	ɟisi	
rosettaproject_bhg_swadesh-1	bhg	face	dombu	dombu	
rosettaproject_bhg_swadesh-1	bhg	face	ǯisi moka	d͡ʒisi moka	
rosettaproject_bhg_swadesh-1	bhg	fall	durari	durari	
rosettaproject_bhg_swadesh-1	bhg	fall	kepu ari	kepu ari	
rosettaproject_bhg_swadesh-1	bhg	fall	teugari	teugari	
rosettaproject_bhg_swadesh-1	bhg	far	aike	aike	
rosettaproject_bhg_swadesh-1	bhg	far	betau	betau	
rosettaproject_bhg_swadesh-1	bhg	fat (n.)	badari	badari	
rosettaproject_bhg_swadesh-1	bhg	fat (n.)	gavi	gavi	
rosettaproject_bhg_swadesh-1	bhg	father	mama	mama	
rosettaproject_bhg_swadesh-1	bhg	father	mamaka	mamaka	
rosettaproject_bhg_swadesh-1	bhg	father	mamo	mamo	
rosettaproject_bhg_swadesh-1	bhg	fear	adu	adu	
rosettaproject_bhg_swadesh-1	bhg	fear	adu ari	adu ari	
rosettaproject_bhg_swadesh-1	bhg	fear	gomo badari	gomo badari	
rosettaproject_bhg_swadesh-1	bhg	fear	ioru ari	ioru ari	
rosettaproject_bhg_swadesh-1	bhg	feather	agu	agu	
rosettaproject_bhg_swadesh-1	bhg	feather	tu	tu	
rosettaproject_bhg_swadesh-1	bhg	few	endawae	endawae	
rosettaproject_bhg_swadesh-1	bhg	few	enumae	enumae	
rosettaproject_bhg_swadesh-1	bhg	few	enumai	enumai	
rosettaproject_bhg_swadesh-1	bhg	few	kira ango	kira ango	
rosettaproject_bhg_swadesh-1	bhg	fight	mina darai	mina darai	
rosettaproject_bhg_swadesh-1	bhg	finger	ao	ao	
rosettaproject_bhg_swadesh-1	bhg	finger	gunguto	gunguto	
rosettaproject_bhg_swadesh-1	bhg	finger	ipa-toro	ipa-toro	
rosettaproject_bhg_swadesh-1	bhg	finger	iŋo čiŋo	iŋo t͡ʃiŋo	
rosettaproject_bhg_swadesh-1	bhg	finger	singu	singu	
rosettaproject_bhg_swadesh-1	bhg	finger	toro	toro	
rosettaproject_bhg_swadesh-1	bhg	fingernail	ingisi	ingisi	
rosettaproject_bhg_swadesh-1	bhg	fire	(d)zi	(d)zi	
rosettaproject_bhg_swadesh-1	bhg	fire	buiŋ	buiŋ	
rosettaproject_bhg_swadesh-1	bhg	fire	ngenge	ngenge	
rosettaproject_bhg_swadesh-1	bhg	fire	ni	ni	
rosettaproject_bhg_swadesh-1	bhg	fire	ni sisi	ni sisi	
rosettaproject_bhg_swadesh-1	bhg	fire	niao	niao	
rosettaproject_bhg_swadesh-1	bhg	fire	niyau	niyau	
rosettaproject_bhg_swadesh-1	bhg	fire	zi	zi	
rosettaproject_bhg_swadesh-1	bhg	fish	wo	wo	
rosettaproject_bhg_swadesh-1	bhg	five	ipa da	ipa da	
rosettaproject_bhg_swadesh-1	bhg	five	iŋo da	iŋo da	
rosettaproject_bhg_swadesh-1	bhg	float	pekapeka ari	pekapeka ari	
rosettaproject_bhg_swadesh-1	bhg	float	petaku	petaku	
rosettaproject_bhg_swadesh-1	bhg	float	siwari	siwari	
rosettaproject_bhg_swadesh-1	bhg	flower	be	be	
rosettaproject_bhg_swadesh-1	bhg	flower	uǯi	ud͡ʒi	
rosettaproject_bhg_swadesh-1	bhg	fly (n.)	tomeni	tomeni	
rosettaproject_bhg_swadesh-1	bhg	fly (v.)	aito-simbari	aito-simbari	
rosettaproject_bhg_swadesh-1	bhg	fly (v.)	obaoba	obaoba	
rosettaproject_bhg_swadesh-1	bhg	fly (v.)	omari	omari	
rosettaproject_bhg_swadesh-1	bhg	fog	gosi	gosi	
rosettaproject_bhg_swadesh-1	bhg	fog	goči	got͡ʃi	
rosettaproject_bhg_swadesh-1	bhg	fog	gumbo	gumbo	
rosettaproject_bhg_swadesh-1	bhg	fog	vuvuru	vuvuru	
rosettaproject_bhg_swadesh-1	bhg	foot	tai	tai	
rosettaproject_bhg_swadesh-1	bhg	foot	tai atu	tai atu	
rosettaproject_bhg_swadesh-1	bhg	foot	tai do	tai do	
rosettaproject_bhg_swadesh-1	bhg	foot	taido	taido	
rosettaproject_bhg_swadesh-1	bhg	foot	tei	tei	
rosettaproject_bhg_swadesh-1	bhg	foot	tei ~ utu	tei ~ utu	
rosettaproject_bhg_swadesh-1	bhg	foot	utu	utu	
rosettaproject_bhg_swadesh-1	bhg	forehead	beo	beo	
rosettaproject_bhg_swadesh-1	bhg	forest	poraga	poraga	
rosettaproject_bhg_swadesh-1	bhg	forest	taote	taote	
rosettaproject_bhg_swadesh-1	bhg	four	ganǯida	gand͡ʒida	
rosettaproject_bhg_swadesh-1	bhg	four	ipa ao pasido	ipa ao pasido	
rosettaproject_bhg_swadesh-1	bhg	fruit	be	be	
rosettaproject_bhg_swadesh-1	bhg	fruit	tao	tao	
rosettaproject_bhg_swadesh-1	bhg	full	adegari	adegari	
rosettaproject_bhg_swadesh-1	bhg	full	beda	beda	
rosettaproject_bhg_swadesh-1	bhg	full	daimbari	daimbari	
rosettaproject_bhg_swadesh-1	bhg	girl	gagara	gagara	
rosettaproject_bhg_swadesh-1	bhg	give	pi-ari	pi-ari	
rosettaproject_bhg_swadesh-1	bhg	give	piari	piari	
rosettaproject_bhg_swadesh-1	bhg	give	piyari	piyari	
rosettaproject_bhg_swadesh-1	bhg	good	beiamana	beiamana	
rosettaproject_bhg_swadesh-1	bhg	good	ewa	ewa	
rosettaproject_bhg_swadesh-1	bhg	grass	iakara	iakara	
rosettaproject_bhg_swadesh-1	bhg	grass	manene	manene	
rosettaproject_bhg_swadesh-1	bhg	grass	opema	opema	
rosettaproject_bhg_swadesh-1	bhg	grass	yekena	yekena	
rosettaproject_bhg_swadesh-1	bhg	green	kokoro	kokoro	
rosettaproject_bhg_swadesh-1	bhg	guts	de	de	
rosettaproject_bhg_swadesh-1	bhg	guts	de kauŋ	de kauŋ	
rosettaproject_bhg_swadesh-1	bhg	hair	(kopuru) tu	(kopuru) tu	
rosettaproject_bhg_swadesh-1	bhg	hair	giči	git͡ʃi	
rosettaproject_bhg_swadesh-1	bhg	hair	koporu tu	koporu tu	
rosettaproject_bhg_swadesh-1	bhg	hair	ohoru	ohoru	
rosettaproject_bhg_swadesh-1	bhg	hair	tu	tu	
rosettaproject_bhg_swadesh-1	bhg	hand	ingo	ingo	
rosettaproject_bhg_swadesh-1	bhg	hand	ipa	ipa	
rosettaproject_bhg_swadesh-1	bhg	hand	ipa do	ipa do	
rosettaproject_bhg_swadesh-1	bhg	hand	iŋo	iŋo	
rosettaproject_bhg_swadesh-1	bhg	hand	umbuto	umbuto	
rosettaproject_bhg_swadesh-1	bhg	he/she	aawa	aawa	
rosettaproject_bhg_swadesh-1	bhg	he/she	awa/owa	awa/owa	
rosettaproject_bhg_swadesh-1	bhg	he/she	da	da	
rosettaproject_bhg_swadesh-1	bhg	he/she	ounda	ounda	
rosettaproject_bhg_swadesh-1	bhg	he/she	owa	owa	
rosettaproject_bhg_swadesh-1	bhg	he/she	owawa	owawa	
rosettaproject_bhg_swadesh-1	bhg	he/she	u-mo	u-mo	
rosettaproject_bhg_swadesh-1	bhg	head	iti tu	iti tu	
rosettaproject_bhg_swadesh-1	bhg	head	kiti tu	kiti tu	
rosettaproject_bhg_swadesh-1	bhg	head	kopiri	kopiri	
rosettaproject_bhg_swadesh-1	bhg	head	koporu	koporu	
rosettaproject_bhg_swadesh-1	bhg	head	kopuri	kopuri	
rosettaproject_bhg_swadesh-1	bhg	head	kopuru	kopuru	
rosettaproject_bhg_swadesh-1	bhg	hear	dengoromi gari	dengoromi gari	
rosettaproject_bhg_swadesh-1	bhg	hear	gari	gari	
rosettaproject_bhg_swadesh-1	bhg	hear	ge gari	ge gari	
rosettaproject_bhg_swadesh-1	bhg	hear	ingari	ingari	
rosettaproject_bhg_swadesh-1	bhg	hear	iŋena	iŋena	
rosettaproject_bhg_swadesh-1	bhg	heart	ubowa	ubowa	
rosettaproject_bhg_swadesh-1	bhg	heavy	bouga	bouga	
rosettaproject_bhg_swadesh-1	bhg	heavy	dunda	dunda	
rosettaproject_bhg_swadesh-1	bhg	here	einda	einda	
rosettaproject_bhg_swadesh-1	bhg	hit	dari	dari	
rosettaproject_bhg_swadesh-1	bhg	hit	mau endodari	mau endodari	
rosettaproject_bhg_swadesh-1	bhg	hole	kopu	kopu	
rosettaproject_bhg_swadesh-1	bhg	hole	koto	koto	
rosettaproject_bhg_swadesh-1	bhg	hole	to	to	
rosettaproject_bhg_swadesh-1	bhg	hole	uro	uro	
rosettaproject_bhg_swadesh-1	bhg	hole	uwari	uwari	
rosettaproject_bhg_swadesh-1	bhg	horn	ǯi	d͡ʒi	
rosettaproject_bhg_swadesh-1	bhg	house	mando	mando	
rosettaproject_bhg_swadesh-1	bhg	house	oro	oro	
rosettaproject_bhg_swadesh-1	bhg	how	nomi	nomi	
rosettaproject_bhg_swadesh-1	bhg	hunt	wovi ari	wovi ari	
rosettaproject_bhg_swadesh-1	bhg	husband	iu	iu	
rosettaproject_bhg_swadesh-1	bhg	husband	yu	yu	
rosettaproject_bhg_swadesh-1	bhg	i	na	na	
rosettaproject_bhg_swadesh-1	bhg	i	na-to	na-to	
rosettaproject_bhg_swadesh-1	bhg	i	nato	nato	
rosettaproject_bhg_swadesh-1	bhg	in	-da	-da	
rosettaproject_bhg_swadesh-1	bhg	in	dou	dou	
rosettaproject_bhg_swadesh-1	bhg	jaw	ototo	ototo	
rosettaproject_bhg_swadesh-1	bhg	kill	wakokori-gi-topu	wakokori-gi-topu	
rosettaproject_bhg_swadesh-1	bhg	kill	wakori gitopu	wakori gitopu	
rosettaproject_bhg_swadesh-1	bhg	knee	banggo	banggo	
rosettaproject_bhg_swadesh-1	bhg	knee	baongo	baongo	
rosettaproject_bhg_swadesh-1	bhg	knee	baongo kouwa	baongo kouwa	
rosettaproject_bhg_swadesh-1	bhg	knee	baŋgo	baŋgo	
rosettaproject_bhg_swadesh-1	bhg	knee	baŋo	baŋo	
rosettaproject_bhg_swadesh-1	bhg	knee	genǯiba	gend͡ʒiba	
rosettaproject_bhg_swadesh-1	bhg	knee	koma	koma	
rosettaproject_bhg_swadesh-1	bhg	knee	pange	pange	
rosettaproject_bhg_swadesh-1	bhg	knee	pangge	pangge	
rosettaproject_bhg_swadesh-1	bhg	know	awate	awate	
rosettaproject_bhg_swadesh-1	bhg	know	gari	gari	
rosettaproject_bhg_swadesh-1	bhg	know	iŋena	iŋena	
rosettaproject_bhg_swadesh-1	bhg	know	kotebari	kotebari	
rosettaproject_bhg_swadesh-1	bhg	lake	boma	boma	
rosettaproject_bhg_swadesh-1	bhg	lake	ǯirora	d͡ʒirora	
rosettaproject_bhg_swadesh-1	bhg	lake	ǯiǯoro	d͡ʒid͡ʒoro	
rosettaproject_bhg_swadesh-1	bhg	laugh	iro ari	iro ari	
rosettaproject_bhg_swadesh-1	bhg	laugh	iru	iru	
rosettaproject_bhg_swadesh-1	bhg	leaf	(d)zi iki	(d)zi iki	
rosettaproject_bhg_swadesh-1	bhg	leaf	gi	gi	
rosettaproject_bhg_swadesh-1	bhg	leaf	gi(ba)	gi(ba)	
rosettaproject_bhg_swadesh-1	bhg	leaf	giba	giba	
rosettaproject_bhg_swadesh-1	bhg	leaf	igi	igi	
rosettaproject_bhg_swadesh-1	bhg	leaf	ning-gi	ning-gi	
rosettaproject_bhg_swadesh-1	bhg	leaf	niŋgi	niŋgi	
rosettaproject_bhg_swadesh-1	bhg	leaf	zi iki	zi iki	
rosettaproject_bhg_swadesh-1	bhg	left	anda	anda	
rosettaproject_bhg_swadesh-1	bhg	leg	tai	tai	
rosettaproject_bhg_swadesh-1	bhg	leg	udu	udu	
rosettaproject_bhg_swadesh-1	bhg	lie	awari	awari	
rosettaproject_bhg_swadesh-1	bhg	lie	turo devari	turo devari	
rosettaproject_bhg_swadesh-1	bhg	lie	ǯitao awari	d͡ʒitao awari	
rosettaproject_bhg_swadesh-1	bhg	lightning	birigi	birigi	
rosettaproject_bhg_swadesh-1	bhg	lightning	tarara	tarara	
rosettaproject_bhg_swadesh-1	bhg	lip	be gisi	be gisi	
rosettaproject_bhg_swadesh-1	bhg	lip	be-gisi	be-gisi	
rosettaproject_bhg_swadesh-1	bhg	lip	begisi	begisi	
rosettaproject_bhg_swadesh-1	bhg	live	wasiri	wasiri	
rosettaproject_bhg_swadesh-1	bhg	live	wasiri ari	wasiri ari	
rosettaproject_bhg_swadesh-1	bhg	liver	gomo	gomo	
rosettaproject_bhg_swadesh-1	bhg	long	koae	koae	
rosettaproject_bhg_swadesh-1	bhg	long	libori	libori	
rosettaproject_bhg_swadesh-1	bhg	long	ribori	ribori	
rosettaproject_bhg_swadesh-1	bhg	louse	jing	jing	
rosettaproject_bhg_swadesh-1	bhg	louse	nyoma	nyoma	
rosettaproject_bhg_swadesh-1	bhg	louse	nyonga	nyonga	
rosettaproject_bhg_swadesh-1	bhg	louse	toipa	toipa	
rosettaproject_bhg_swadesh-1	bhg	louse	ǯi	d͡ʒi	
rosettaproject_bhg_swadesh-1	bhg	louse	ǯi toma	d͡ʒi toma	
rosettaproject_bhg_swadesh-1	bhg	louse	ǯiŋ	d͡ʒiŋ	
rosettaproject_bhg_swadesh-1	bhg	man	embo	embo	
rosettaproject_bhg_swadesh-1	bhg	man	jianda	jianda	
rosettaproject_bhg_swadesh-1	bhg	man	mai	mai	
rosettaproject_bhg_swadesh-1	bhg	man	ǯianda	d͡ʒianda	
rosettaproject_bhg_swadesh-1	bhg	many	enuma	enuma	
rosettaproject_bhg_swadesh-1	bhg	many	ǯiwadawai	d͡ʒiwadawai	
rosettaproject_bhg_swadesh-1	bhg	many	ǯiwae	d͡ʒiwae	
rosettaproject_bhg_swadesh-1	bhg	meat	pisi	pisi	
rosettaproject_bhg_swadesh-1	bhg	meat	wo	wo	
rosettaproject_bhg_swadesh-1	bhg	moon	hariga	hariga	
rosettaproject_bhg_swadesh-1	bhg	moon	kaliga	kaliga	
rosettaproject_bhg_swadesh-1	bhg	moon	kariga	kariga	
rosettaproject_bhg_swadesh-1	bhg	moon	kariga aroro	kariga aroro	
rosettaproject_bhg_swadesh-1	bhg	moon	kariga opito	kariga opito	
rosettaproject_bhg_swadesh-1	bhg	morning	sipo	sipo	
rosettaproject_bhg_swadesh-1	bhg	morning	sipo atari	sipo atari	
rosettaproject_bhg_swadesh-1	bhg	morning	čipo	t͡ʃipo	
rosettaproject_bhg_swadesh-1	bhg	mosquito	denda	denda	
rosettaproject_bhg_swadesh-1	bhg	mother	ai	ai	
rosettaproject_bhg_swadesh-1	bhg	mother	aiya	aiya	
rosettaproject_bhg_swadesh-1	bhg	mountain	peji	peji	
rosettaproject_bhg_swadesh-1	bhg	mountain	peǯi	ped͡ʒi	
rosettaproject_bhg_swadesh-1	bhg	mountain	ǯiri	d͡ʒiri	
rosettaproject_bhg_swadesh-1	bhg	mouth	be	be	
rosettaproject_bhg_swadesh-1	bhg	mouth	pe	pe	
rosettaproject_bhg_swadesh-1	bhg	name	aviri	aviri	
rosettaproject_bhg_swadesh-1	bhg	name	dadu	dadu	
rosettaproject_bhg_swadesh-1	bhg	name	dao	dao	
rosettaproject_bhg_swadesh-1	bhg	name	dawo	dawo	
rosettaproject_bhg_swadesh-1	bhg	name	nombo	nombo	
rosettaproject_bhg_swadesh-1	bhg	nape	tumo tutu	tumo tutu	
rosettaproject_bhg_swadesh-1	bhg	narrow	atoae	atoae	
rosettaproject_bhg_swadesh-1	bhg	navel	ovivi	ovivi	
rosettaproject_bhg_swadesh-1	bhg	near	aikae	aikae	
rosettaproject_bhg_swadesh-1	bhg	near	aikai	aikai	
rosettaproject_bhg_swadesh-1	bhg	neck	dubo	dubo	
rosettaproject_bhg_swadesh-1	bhg	neck	tumo	tumo	
rosettaproject_bhg_swadesh-1	bhg	neck	tumotutu	tumotutu	
rosettaproject_bhg_swadesh-1	bhg	new	teka	teka	
rosettaproject_bhg_swadesh-1	bhg	night	muña	muɲa	
rosettaproject_bhg_swadesh-1	bhg	night	muɲa	muɲa	
rosettaproject_bhg_swadesh-1	bhg	night	tumba	tumba	
rosettaproject_bhg_swadesh-1	bhg	night	turo	turo	
rosettaproject_bhg_swadesh-1	bhg	night	turo ǯirari	turo d͡ʒirari	
rosettaproject_bhg_swadesh-1	bhg	nose	mende	mende	
rosettaproject_bhg_swadesh-1	bhg	nose	mendo to	mendo to	
rosettaproject_bhg_swadesh-1	bhg	nose	mendo(-to)	mendo(-to)	
rosettaproject_bhg_swadesh-1	bhg	not	ae	ae	
rosettaproject_bhg_swadesh-1	bhg	old	ari owo	ari owo	
rosettaproject_bhg_swadesh-1	bhg	old	begogo	begogo	
rosettaproject_bhg_swadesh-1	bhg	old	embo owo	embo owo	
rosettaproject_bhg_swadesh-1	bhg	old	kaua ari	kaua ari	
rosettaproject_bhg_swadesh-1	bhg	old	matu	matu	
rosettaproject_bhg_swadesh-1	bhg	one	da	da	
rosettaproject_bhg_swadesh-1	bhg	one	dakaki	dakaki	
rosettaproject_bhg_swadesh-1	bhg	one	gisini	gisini	
rosettaproject_bhg_swadesh-1	bhg	other	eve	eve	
rosettaproject_bhg_swadesh-1	bhg	other	nei	nei	
rosettaproject_bhg_swadesh-1	bhg	person	embo	embo	
rosettaproject_bhg_swadesh-1	bhg	play	tetenya ari	tetenya ari	
rosettaproject_bhg_swadesh-1	bhg	pull	ǯi	d͡ʒi	
rosettaproject_bhg_swadesh-1	bhg	push	atugari	atugari	
rosettaproject_bhg_swadesh-1	bhg	push	mitari	mitari	
rosettaproject_bhg_swadesh-1	bhg	push	sindari	sindari	
rosettaproject_bhg_swadesh-1	bhg	push	ǯiyari	d͡ʒiyari	
rosettaproject_bhg_swadesh-1	bhg	rain	ba	ba	
rosettaproject_bhg_swadesh-1	bhg	rain	ga	ga	
rosettaproject_bhg_swadesh-1	bhg	rain	wa	wa	
rosettaproject_bhg_swadesh-1	bhg	rat	bundua	bundua	
rosettaproject_bhg_swadesh-1	bhg	rat	gatara	gatara	
rosettaproject_bhg_swadesh-1	bhg	rat	kandoro	kandoro	
rosettaproject_bhg_swadesh-1	bhg	rat	tona	tona	
rosettaproject_bhg_swadesh-1	bhg	red	manema	manema	
rosettaproject_bhg_swadesh-1	bhg	red	tari	tari	
rosettaproject_bhg_swadesh-1	bhg	right	be	be	
rosettaproject_bhg_swadesh-1	bhg	ripe	tari	tari	
rosettaproject_bhg_swadesh-1	bhg	ripe	čari	t͡ʃari	
rosettaproject_bhg_swadesh-1	bhg	river	kumusi	kumusi	
rosettaproject_bhg_swadesh-1	bhg	river	uriri	uriri	
rosettaproject_bhg_swadesh-1	bhg	river	utou	utou	
rosettaproject_bhg_swadesh-1	bhg	road	begata	begata	
rosettaproject_bhg_swadesh-1	bhg	road	deitamo	deitamo	
rosettaproject_bhg_swadesh-1	bhg	road	ebata	ebata	
rosettaproject_bhg_swadesh-1	bhg	root	(d)zi susu	(d)zi susu	
rosettaproject_bhg_swadesh-1	bhg	root	(ni-)tai	(ni-)tai	
rosettaproject_bhg_swadesh-1	bhg	root	nitai	nitai	
rosettaproject_bhg_swadesh-1	bhg	root	tai	tai	
rosettaproject_bhg_swadesh-1	bhg	root	zi susu	zi susu	
rosettaproject_bhg_swadesh-1	bhg	rope	asi	asi	
rosettaproject_bhg_swadesh-1	bhg	rope	ači	at͡ʃi	
rosettaproject_bhg_swadesh-1	bhg	rope	bupuri	bupuri	
rosettaproject_bhg_swadesh-1	bhg	rope	buri	buri	
rosettaproject_bhg_swadesh-1	bhg	rope	goga	goga	
rosettaproject_bhg_swadesh-1	bhg	rotten	betari	betari	
rosettaproject_bhg_swadesh-1	bhg	rotten	buto	buto	
rosettaproject_bhg_swadesh-1	bhg	rotten	mumunia	mumunia	
rosettaproject_bhg_swadesh-1	bhg	rub	datari	datari	
rosettaproject_bhg_swadesh-1	bhg	rub	gaigari	gaigari	
rosettaproject_bhg_swadesh-1	bhg	rub	gaimbari	gaimbari	
rosettaproject_bhg_swadesh-1	bhg	salt	kato	kato	
rosettaproject_bhg_swadesh-1	bhg	salt	kačo	kat͡ʃo	
rosettaproject_bhg_swadesh-1	bhg	sand	den	den	
rosettaproject_bhg_swadesh-1	bhg	sand	koita	koita	
rosettaproject_bhg_swadesh-1	bhg	sand	kora	kora	
rosettaproject_bhg_swadesh-1	bhg	say	ge-tari	ge-tari	
rosettaproject_bhg_swadesh-1	bhg	say	t-ari	t-ari	
rosettaproject_bhg_swadesh-1	bhg	say	tari	tari	
rosettaproject_bhg_swadesh-1	bhg	scratch	adari	adari	
rosettaproject_bhg_swadesh-1	bhg	scratch	batari	batari	
rosettaproject_bhg_swadesh-1	bhg	scratch	mamboro ari	mamboro ari	
rosettaproject_bhg_swadesh-1	bhg	sea	evada	evada	
rosettaproject_bhg_swadesh-1	bhg	sea	ewa	ewa	
rosettaproject_bhg_swadesh-1	bhg	sea	iawata	iawata	
rosettaproject_bhg_swadesh-1	bhg	sea	sina	sina	
rosettaproject_bhg_swadesh-1	bhg	sea	čina	t͡ʃina	
rosettaproject_bhg_swadesh-1	bhg	see	gari	gari	
rosettaproject_bhg_swadesh-1	bhg	see	gena	gena	
rosettaproject_bhg_swadesh-1	bhg	see	ǯisini ari	d͡ʒisini ari	
rosettaproject_bhg_swadesh-1	bhg	seed	ve	ve	
rosettaproject_bhg_swadesh-1	bhg	sew	arari	arari	
rosettaproject_bhg_swadesh-1	bhg	sew	gembari	gembari	
rosettaproject_bhg_swadesh-1	bhg	sew	korikori	korikori	
rosettaproject_bhg_swadesh-1	bhg	sew	kuoro ǯiari	kuoro d͡ʒiari	
rosettaproject_bhg_swadesh-1	bhg	sew	pirari	pirari	
rosettaproject_bhg_swadesh-1	bhg	sew	tendari	tendari	
rosettaproject_bhg_swadesh-1	bhg	sharp	ǯi	d͡ʒi	
rosettaproject_bhg_swadesh-1	bhg	sharp	ǯi ǯiwae	d͡ʒi d͡ʒiwae	
rosettaproject_bhg_swadesh-1	bhg	short	tufo	tufo	
rosettaproject_bhg_swadesh-1	bhg	short	tupo	tupo	
rosettaproject_bhg_swadesh-1	bhg	shoulder	apapa	apapa	
rosettaproject_bhg_swadesh-1	bhg	shoulder	apapa koira	apapa koira	
rosettaproject_bhg_swadesh-1	bhg	shoulder	gapo	gapo	
rosettaproject_bhg_swadesh-1	bhg	sing	ia tari	ia tari	
rosettaproject_bhg_swadesh-1	bhg	sing	čira	t͡ʃira	
rosettaproject_bhg_swadesh-1	bhg	sister	lu	lu	
rosettaproject_bhg_swadesh-1	bhg	sister	ru	ru	
rosettaproject_bhg_swadesh-1	bhg	sit	anubari	anubari	
rosettaproject_bhg_swadesh-1	bhg	sit	anumbari	anumbari	
rosettaproject_bhg_swadesh-1	bhg	skin	ain(g)to	ain(g)to	
rosettaproject_bhg_swadesh-1	bhg	skin	ainto	ainto	
rosettaproject_bhg_swadesh-1	bhg	skin	ainto simbari	ainto simbari	
rosettaproject_bhg_swadesh-1	bhg	skin	anito	anito	
rosettaproject_bhg_swadesh-1	bhg	skin	larago	larago	
rosettaproject_bhg_swadesh-1	bhg	skin	tama	tama	
rosettaproject_bhg_swadesh-1	bhg	skin	tamo	tamo	
rosettaproject_bhg_swadesh-1	bhg	sky	utu	utu	
rosettaproject_bhg_swadesh-1	bhg	sleep	jitao-awari	jitao-awari	
rosettaproject_bhg_swadesh-1	bhg	sleep	ǯitao awari	d͡ʒitao awari	
rosettaproject_bhg_swadesh-1	bhg	small	babainggae	babainggae	
rosettaproject_bhg_swadesh-1	bhg	small	isapa	isapa	
rosettaproject_bhg_swadesh-1	bhg	small	siaka	siaka	
rosettaproject_bhg_swadesh-1	bhg	small	čiyaka	t͡ʃiyaka	
rosettaproject_bhg_swadesh-1	bhg	smell	mata	mata	
rosettaproject_bhg_swadesh-1	bhg	smell	muneŋari	muneŋari	
rosettaproject_bhg_swadesh-1	bhg	smell	munu	munu	
rosettaproject_bhg_swadesh-1	bhg	smoke	ikotu	ikotu	
rosettaproject_bhg_swadesh-1	bhg	smoke	imbosi	imbosi	
rosettaproject_bhg_swadesh-1	bhg	smoke	imboči	imbot͡ʃi	
rosettaproject_bhg_swadesh-1	bhg	smoke	inga	inga	
rosettaproject_bhg_swadesh-1	bhg	smoke	ipoi	ipoi	
rosettaproject_bhg_swadesh-1	bhg	smooth	kokota	kokota	
rosettaproject_bhg_swadesh-1	bhg	snake	jimango	jimango	
rosettaproject_bhg_swadesh-1	bhg	snake	jimbago	jimbago	
rosettaproject_bhg_swadesh-1	bhg	snake	žimaŋo	ʒimaŋo	
rosettaproject_bhg_swadesh-1	bhg	snake	ǯimbago	d͡ʒimbago	
rosettaproject_bhg_swadesh-1	bhg	son	mai	mai	
rosettaproject_bhg_swadesh-1	bhg	sour	buto	buto	
rosettaproject_bhg_swadesh-1	bhg	sour	jingani	jingani	
rosettaproject_bhg_swadesh-1	bhg	sour	ǯingani	d͡ʒingani	
rosettaproject_bhg_swadesh-1	bhg	spit	arebo	arebo	
rosettaproject_bhg_swadesh-1	bhg	spit	kosiwa	kosiwa	
rosettaproject_bhg_swadesh-1	bhg	split	dari augari	dari augari	
rosettaproject_bhg_swadesh-1	bhg	split	darigari	darigari	
rosettaproject_bhg_swadesh-1	bhg	split	peyari	peyari	
rosettaproject_bhg_swadesh-1	bhg	squeeze	papari	papari	
rosettaproject_bhg_swadesh-1	bhg	squeeze	tapotapo	tapotapo	
rosettaproject_bhg_swadesh-1	bhg	squeeze	tapotapo ari	tapotapo ari	
rosettaproject_bhg_swadesh-1	bhg	squeeze	tendari	tendari	
rosettaproject_bhg_swadesh-1	bhg	stand	erari	erari	
rosettaproject_bhg_swadesh-1	bhg	stand	petari	petari	
rosettaproject_bhg_swadesh-1	bhg	star	dabori	dabori	
rosettaproject_bhg_swadesh-1	bhg	star	damana	damana	
rosettaproject_bhg_swadesh-1	bhg	star	dumaiŋ	dumaiŋ	
rosettaproject_bhg_swadesh-1	bhg	star	tapori	tapori	
rosettaproject_bhg_swadesh-1	bhg	stick	ukuta	ukuta	
rosettaproject_bhg_swadesh-1	bhg	stone	atara	atara	
rosettaproject_bhg_swadesh-1	bhg	stone	bangga	bangga	
rosettaproject_bhg_swadesh-1	bhg	stone	baŋa	baŋa	
rosettaproject_bhg_swadesh-1	bhg	stone	baŋga	baŋga	
rosettaproject_bhg_swadesh-1	bhg	stone	ganuma	ganuma	
rosettaproject_bhg_swadesh-1	bhg	stone	ponoro	ponoro	
rosettaproject_bhg_swadesh-1	bhg	straight	kokopi	kokopi	
rosettaproject_bhg_swadesh-1	bhg	suck	ami gaiari	ami gaiari	
rosettaproject_bhg_swadesh-1	bhg	suck	ami indari	ami indari	
rosettaproject_bhg_swadesh-1	bhg	suck	ami piari	ami piari	
rosettaproject_bhg_swadesh-1	bhg	suck	dopu ari	dopu ari	
rosettaproject_bhg_swadesh-1	bhg	suck	dopudopu ari	dopudopu ari	
rosettaproject_bhg_swadesh-1	bhg	sun	i(d)zi	i(d)zi	
rosettaproject_bhg_swadesh-1	bhg	sun	iji	iji	
rosettaproject_bhg_swadesh-1	bhg	sun	izi	izi	
rosettaproject_bhg_swadesh-1	bhg	sun	iǯi	id͡ʒi	
rosettaproject_bhg_swadesh-1	bhg	sun	tani	tani	
rosettaproject_bhg_swadesh-1	bhg	sweet	be-damodamo	be-damodamo	
rosettaproject_bhg_swadesh-1	bhg	sweet	pika gama	pika gama	
rosettaproject_bhg_swadesh-1	bhg	swell	dongari	dongari	
rosettaproject_bhg_swadesh-1	bhg	swim	dawari	dawari	
rosettaproject_bhg_swadesh-1	bhg	swim	uŋ dawari	uŋ dawari	
rosettaproject_bhg_swadesh-1	bhg	tail	agu	agu	
rosettaproject_bhg_swadesh-1	bhg	tail	ma dawari	ma dawari	
rosettaproject_bhg_swadesh-1	bhg	tail	ǯimbi	d͡ʒimbi	
rosettaproject_bhg_swadesh-1	bhg	tail	ǯimi	d͡ʒimi	
rosettaproject_bhg_swadesh-1	bhg	take	beono	beono	
rosettaproject_bhg_swadesh-1	bhg	take	beono ari	beono ari	
rosettaproject_bhg_swadesh-1	bhg	take	bundari	bundari	
rosettaproject_bhg_swadesh-1	bhg	take	kumbari	kumbari	
rosettaproject_bhg_swadesh-1	bhg	that	eyava	eyava	
rosettaproject_bhg_swadesh-1	bhg	that	owa	owa	
rosettaproject_bhg_swadesh-1	bhg	that	owamane	owamane	
rosettaproject_bhg_swadesh-1	bhg	there	ainda	ainda	
rosettaproject_bhg_swadesh-1	bhg	there	ounda	ounda	
rosettaproject_bhg_swadesh-1	bhg	they	awa-mane	awa-mane	
rosettaproject_bhg_swadesh-1	bhg	they	awamane	awamane	
rosettaproject_bhg_swadesh-1	bhg	they	emboainda	emboainda	
rosettaproject_bhg_swadesh-1	bhg	they	owawa	owawa	
rosettaproject_bhg_swadesh-1	bhg	they	u-nggo	u-nggo	
rosettaproject_bhg_swadesh-1	bhg	they two	ima adade	ima adade	
rosettaproject_bhg_swadesh-1	bhg	they two	owa tote	owa tote	
rosettaproject_bhg_swadesh-1	bhg	thick	puruta	puruta	
rosettaproject_bhg_swadesh-1	bhg	thigh	tope	tope	
rosettaproject_bhg_swadesh-1	bhg	thigh	udu	udu	
rosettaproject_bhg_swadesh-1	bhg	thin	garoroari	garoroari	
rosettaproject_bhg_swadesh-1	bhg	thin	jijinu	jijinu	
rosettaproject_bhg_swadesh-1	bhg	thin	virarae	virarae	
rosettaproject_bhg_swadesh-1	bhg	thin	čičinu	t͡ʃit͡ʃinu	
rosettaproject_bhg_swadesh-1	bhg	think	katemb-	katemb-	
rosettaproject_bhg_swadesh-1	bhg	think	kotebari	kotebari	
rosettaproject_bhg_swadesh-1	bhg	this	eiwa	eiwa	
rosettaproject_bhg_swadesh-1	bhg	this	eiwamane	eiwamane	
rosettaproject_bhg_swadesh-1	bhg	thorn	bebe	bebe	
rosettaproject_bhg_swadesh-1	bhg	thou	i-to	i-to	
rosettaproject_bhg_swadesh-1	bhg	thou	imo	imo	
rosettaproject_bhg_swadesh-1	bhg	thou	imomane	imomane	
rosettaproject_bhg_swadesh-1	bhg	thou	ito	ito	
rosettaproject_bhg_swadesh-1	bhg	thou	itomane	itomane	
rosettaproject_bhg_swadesh-1	bhg	thou	mo	mo	
rosettaproject_bhg_swadesh-1	bhg	thou	umo	umo	
rosettaproject_bhg_swadesh-1	bhg	three	tamonde	tamonde	
rosettaproject_bhg_swadesh-1	bhg	three	tamunde	tamunde	
rosettaproject_bhg_swadesh-1	bhg	three	tote da gagane	tote da gagane	
rosettaproject_bhg_swadesh-1	bhg	throat	duba	duba	
rosettaproject_bhg_swadesh-1	bhg	throat	dubo	dubo	
rosettaproject_bhg_swadesh-1	bhg	throat	dubo boru	dubo boru	
rosettaproject_bhg_swadesh-1	bhg	throw	akiri ari	akiri ari	
rosettaproject_bhg_swadesh-1	bhg	throw	augana	augana	
rosettaproject_bhg_swadesh-1	bhg	thunder	duberi	duberi	
rosettaproject_bhg_swadesh-1	bhg	thunder	dunana	dunana	
rosettaproject_bhg_swadesh-1	bhg	thunder	gururu	gururu	
rosettaproject_bhg_swadesh-1	bhg	thunder	tarara	tarara	
rosettaproject_bhg_swadesh-1	bhg	tie	kanǯigari	kand͡ʒigari	
rosettaproject_bhg_swadesh-1	bhg	tie	udari	udari	
rosettaproject_bhg_swadesh-1	bhg	today	boroko	boroko	
rosettaproject_bhg_swadesh-1	bhg	tomorrow	amema	amema	
rosettaproject_bhg_swadesh-1	bhg	tomorrow	turode	turode	
rosettaproject_bhg_swadesh-1	bhg	tongue	iveve	iveve	
rosettaproject_bhg_swadesh-1	bhg	tongue	ivivi	ivivi	
rosettaproject_bhg_swadesh-1	bhg	tongue	iwawa	iwawa	
rosettaproject_bhg_swadesh-1	bhg	tongue	iɣiɣi	iɣiɣi	
rosettaproject_bhg_swadesh-1	bhg	tooth	bono	bono	
rosettaproject_bhg_swadesh-1	bhg	tooth	di	di	
rosettaproject_bhg_swadesh-1	bhg	tooth	ji	ji	
rosettaproject_bhg_swadesh-1	bhg	tooth	kore	kore	
rosettaproject_bhg_swadesh-1	bhg	tooth	ti	ti	
rosettaproject_bhg_swadesh-1	bhg	tooth	ǯi	d͡ʒi	
rosettaproject_bhg_swadesh-1	bhg	tooth	ǯi eno	d͡ʒi eno	
rosettaproject_bhg_swadesh-1	bhg	tooth	ǯi gugu	d͡ʒi gugu	
rosettaproject_bhg_swadesh-1	bhg	tooth	ǯi kore	d͡ʒi kore	
rosettaproject_bhg_swadesh-1	bhg	tree	(d)ziuhu	(d)ziuhu	
rosettaproject_bhg_swadesh-1	bhg	tree	ituka	ituka	
rosettaproject_bhg_swadesh-1	bhg	tree	maibe	maibe	
rosettaproject_bhg_swadesh-1	bhg	tree	ni	ni	
rosettaproject_bhg_swadesh-1	bhg	tree	tutu	tutu	
rosettaproject_bhg_swadesh-1	bhg	tree	ziuhu	ziuhu	
rosettaproject_bhg_swadesh-1	bhg	turn	engenembari	engenembari	
rosettaproject_bhg_swadesh-1	bhg	two	da da gagane	da da gagane	
rosettaproject_bhg_swadesh-1	bhg	two	tote	tote	
rosettaproject_bhg_swadesh-1	bhg	unripe	gainya	gainya	
rosettaproject_bhg_swadesh-1	bhg	unripe	ganya	ganya	
rosettaproject_bhg_swadesh-1	bhg	vagina	a	a	
rosettaproject_bhg_swadesh-1	bhg	vagina	pisi	pisi	
rosettaproject_bhg_swadesh-1	bhg	vomit	bero turafi	bero turafi	
rosettaproject_bhg_swadesh-1	bhg	vomit	beroturari	beroturari	
rosettaproject_bhg_swadesh-1	bhg	walk	bamb-ari	bamb-ari	
rosettaproject_bhg_swadesh-1	bhg	walk	bambari	bambari	
rosettaproject_bhg_swadesh-1	bhg	walk	embari	embari	
rosettaproject_bhg_swadesh-1	bhg	walk	emboda	emboda	
rosettaproject_bhg_swadesh-1	bhg	walk	tumari	tumari	
rosettaproject_bhg_swadesh-1	bhg	walk	tumbari	tumbari	
rosettaproject_bhg_swadesh-1	bhg	wallaby	dambura	dambura	
rosettaproject_bhg_swadesh-1	bhg	wallaby	dauru	dauru	
rosettaproject_bhg_swadesh-1	bhg	warm	vevera	vevera	
rosettaproject_bhg_swadesh-1	bhg	wash	teiari	teiari	
rosettaproject_bhg_swadesh-1	bhg	wash	teyari	teyari	
rosettaproject_bhg_swadesh-1	bhg	wash	uŋ gutari	uŋ gutari	
rosettaproject_bhg_swadesh-1	bhg	water	boboku	boboku	
rosettaproject_bhg_swadesh-1	bhg	water	kumuči	kumut͡ʃi	
rosettaproject_bhg_swadesh-1	bhg	water	mambari	mambari	
rosettaproject_bhg_swadesh-1	bhg	water	ou	ou	
rosettaproject_bhg_swadesh-1	bhg	water	ou ~ u͂	ou ~ u͂	
rosettaproject_bhg_swadesh-1	bhg	water	u	u	
rosettaproject_bhg_swadesh-1	bhg	water	umo	umo	
rosettaproject_bhg_swadesh-1	bhg	water	ung	ung	
rosettaproject_bhg_swadesh-1	bhg	water	unh	unh	
rosettaproject_bhg_swadesh-1	bhg	water	uŋ	uŋ	
rosettaproject_bhg_swadesh-1	bhg	water	u͂	u͂	
rosettaproject_bhg_swadesh-1	bhg	we	iŋe	iŋe	
rosettaproject_bhg_swadesh-1	bhg	we	kaena(-to)	kaena(-to)	
rosettaproject_bhg_swadesh-1	bhg	we	kaenato	kaenato	
rosettaproject_bhg_swadesh-1	bhg	we	nakare	nakare	
rosettaproject_bhg_swadesh-1	bhg	we	nako	nako	
rosettaproject_bhg_swadesh-1	bhg	we (excl.)	nakare	nakare	
rosettaproject_bhg_swadesh-1	bhg	we (excl.)	natokare	natokare	
rosettaproject_bhg_swadesh-1	bhg	we (incl.)	kaena	kaena	
rosettaproject_bhg_swadesh-1	bhg	we (incl.)	kaenato	kaenato	
rosettaproject_bhg_swadesh-1	bhg	we two	nadade	nadade	
rosettaproject_bhg_swadesh-1	bhg	we two (excl.)	nagena tote	nagena tote	
rosettaproject_bhg_swadesh-1	bhg	we two (excl.)	nagenato	nagenato	
rosettaproject_bhg_swadesh-1	bhg	we two (incl.)	inge	inge	
rosettaproject_bhg_swadesh-1	bhg	we two (incl.)	ingena tote	ingena tote	
rosettaproject_bhg_swadesh-1	bhg	we two (incl.)	ingenato	ingenato	
rosettaproject_bhg_swadesh-1	bhg	we two (incl.)	nadade	nadade	
rosettaproject_bhg_swadesh-1	bhg	weep	ji	ji	
rosettaproject_bhg_swadesh-1	bhg	weep	ji-tari	ji-tari	
rosettaproject_bhg_swadesh-1	bhg	weep	ǯi	d͡ʒi	
rosettaproject_bhg_swadesh-1	bhg	weep	ǯiǯiu	d͡ʒid͡ʒiu	
rosettaproject_bhg_swadesh-1	bhg	wet	betari	betari	
rosettaproject_bhg_swadesh-1	bhg	wet	nukari	nukari	
rosettaproject_bhg_swadesh-1	bhg	wet	sikoko	sikoko	
rosettaproject_bhg_swadesh-1	bhg	what	aßeri	aßeri	ß
rosettaproject_bhg_swadesh-1	bhg	what	indawa	indawa	
rosettaproject_bhg_swadesh-1	bhg	what	ro-	ro-	
rosettaproject_bhg_swadesh-1	bhg	what	rori	rori	
rosettaproject_bhg_swadesh-1	bhg	when	nanǯigo	nand͡ʒigo	
rosettaproject_bhg_swadesh-1	bhg	where	inda	inda	
rosettaproject_bhg_swadesh-1	bhg	where	indari	indari	
rosettaproject_bhg_swadesh-1	bhg	where	nonda	nonda	
rosettaproject_bhg_swadesh-1	bhg	white	ainya	ainya	
rosettaproject_bhg_swadesh-1	bhg	white	gaiɲa	gaiɲa	
rosettaproject_bhg_swadesh-1	bhg	who	aive	aive	
rosettaproject_bhg_swadesh-1	bhg	who	ave-	ave-	
rosettaproject_bhg_swadesh-1	bhg	who	rori	rori	
rosettaproject_bhg_swadesh-1	bhg	wide	aro	aro	
rosettaproject_bhg_swadesh-1	bhg	wife	aro	aro	
rosettaproject_bhg_swadesh-1	bhg	wind	bisi	bisi	
rosettaproject_bhg_swadesh-1	bhg	wing	wasi	wasi	
rosettaproject_bhg_swadesh-1	bhg	wing	wači	wat͡ʃi	
rosettaproject_bhg_swadesh-1	bhg	wipe	dogaiyari	dogaiyari	
rosettaproject_bhg_swadesh-1	bhg	wipe	gaigari	gaigari	
rosettaproject_bhg_swadesh-1	bhg	wipe	gaimbari	gaimbari	
rosettaproject_bhg_swadesh-1	bhg	with	-de	-de	
rosettaproject_bhg_swadesh-1	bhg	with	-mi	-mi	
rosettaproject_bhg_swadesh-1	bhg	woman	ai	ai	
rosettaproject_bhg_swadesh-1	bhg	woman	ari	ari	
rosettaproject_bhg_swadesh-1	bhg	woman	eutu	eutu	
rosettaproject_bhg_swadesh-1	bhg	woman	pamine	pamine	
rosettaproject_bhg_swadesh-1	bhg	wood	godo	godo	
rosettaproject_bhg_swadesh-1	bhg	wood	ikuta	ikuta	
rosettaproject_bhg_swadesh-1	bhg	wood	ituka	ituka	
rosettaproject_bhg_swadesh-1	bhg	wood	ni	ni	
rosettaproject_bhg_swadesh-1	bhg	wood	ni go	ni go	
rosettaproject_bhg_swadesh-1	bhg	wood	niao	niao	
rosettaproject_bhg_swadesh-1	bhg	wood	ukuta	ukuta	
rosettaproject_bhg_swadesh-1	bhg	wood	unguta	unguta	
rosettaproject_bhg_swadesh-1	bhg	worm	apoe	apoe	
rosettaproject_bhg_swadesh-1	bhg	worm	siworo	siworo	
rosettaproject_bhg_swadesh-1	bhg	yellow	awari	awari	
rosettaproject_bhg_swadesh-1	bhg	yellow	gounya	gounya	
rosettaproject_bhg_swadesh-1	bhg	yellow	iǯigari	id͡ʒigari	
rosettaproject_bhg_swadesh-1	bhg	yellow	oeta	oeta	
rosettaproject_bhg_swadesh-1	bhg	yes	a͂ʔa͂	a͂ʔa͂	
rosettaproject_bhg_swadesh-1	bhg	yes	ea	ea	
rosettaproject_bhg_swadesh-1	bhg	yesterday	matu	matu	
rosettaproject_bhg_swadesh-1	bhg	yesterday	sipe	sipe	
rosettaproject_bhg_swadesh-1	bhg	you	imomae	imomae	
rosettaproject_bhg_swadesh-1	bhg	you	imomane	imomane	
rosettaproject_bhg_swadesh-1	bhg	you	inggo	inggo	
rosettaproject_bhg_swadesh-1	bhg	you two	imo ete tote	imo ete tote	
rosettaproject_bhg_swadesh-1	bhg	you two	imotote	imotote	
rosettaproject_chy_swadesh-1	chy	all	mâhe-	mâhe-	â
rosettaproject_chy_swadesh-1	chy	and	naa	naa	
rosettaproject_chy_swadesh-1	chy	animal	hova	hova	
rosettaproject_chy_swadesh-1	chy	ashes	paa\e	paa\e	\
rosettaproject_chy_swadesh-1	chy	back	ma\pa\o	ma\pa\o	\
rosettaproject_chy_swadesh-1	chy	bad	Ehavêseva\e.	Ehavêseva\e.	\ê
rosettaproject_chy_swadesh-1	chy	bark	hetone\ke	hetone\ke	\
rosettaproject_chy_swadesh-1	chy	because	tsehve\-	tsehve\-	\
rosettaproject_chy_swadesh-1	chy	belly	matonêše	matonêʃe	ê
rosettaproject_chy_swadesh-1	chy	big	Etâhpe\o.	Etâhpe\o.	\â
rosettaproject_chy_swadesh-1	chy	bird	ve\kese	ve\kese	\
rosettaproject_chy_swadesh-1	chy	bite	Eahanomoho.	Eahanomoho.	
rosettaproject_chy_swadesh-1	chy	black	Emo\ôhtavo.	Emo\ôhtavo.	\ô
rosettaproject_chy_swadesh-1	chy	blood	ma\e	ma\e	\
rosettaproject_chy_swadesh-1	chy	bone	he\ko	he\ko	\
rosettaproject_chy_swadesh-1	chy	breast	matanane	matanane	
rosettaproject_chy_swadesh-1	chy	breathe	Eomotome.	Eomotome.	
rosettaproject_chy_swadesh-1	chy	burn	Eexo\ase.	Eexo\ase.	\
rosettaproject_chy_swadesh-1	chy	child	ka\êškone	ka\êʃkone	\ê
rosettaproject_chy_swadesh-1	chy	cloud	vo\e	vo\e	\
rosettaproject_chy_swadesh-1	chy	cold	Etoneto.	Etoneto.	
rosettaproject_chy_swadesh-1	chy	come	Eho\ehne.	Eho\ehne.	\
rosettaproject_chy_swadesh-1	chy	count	Ehoestone.	Ehoestone.	
rosettaproject_chy_swadesh-1	chy	cut	Etsêhetâsoho.	Etsêhetâsoho.	âê
rosettaproject_chy_swadesh-1	chy	day	eše	eʃe	
rosettaproject_chy_swadesh-1	chy	die	Enaa\e.	Enaa\e.	\
rosettaproject_chy_swadesh-1	chy	dig	Emenôhene.	Emenôhene.	ô
rosettaproject_chy_swadesh-1	chy	dirty	Eho\soto.	Eho\soto.	\
rosettaproject_chy_swadesh-1	chy	dog	oeškese	oeʃkese	
rosettaproject_chy_swadesh-1	chy	drink	Emane.	Emane.	
rosettaproject_chy_swadesh-1	chy	dry	Eo\o.	Eo\o.	\
rosettaproject_chy_swadesh-1	chy	dull	Enêxahpo	Enêxahpo	ê
rosettaproject_chy_swadesh-1	chy	dust	heše\ke	heʃe\ke	\
rosettaproject_chy_swadesh-1	chy	ear	mâhtovoo\ôtse	mâhtovoo\ôtse	\âô
rosettaproject_chy_swadesh-1	chy	earth	ho\e	ho\e	\
rosettaproject_chy_swadesh-1	chy	eat	Emesehe.	Emesehe.	
rosettaproject_chy_swadesh-1	chy	egg	vovôtse	vovôtse	ô
rosettaproject_chy_swadesh-1	chy	eye	ma\exa	ma\exa	\
rosettaproject_chy_swadesh-1	chy	far	haa\êše	haa\êʃe	\ê
rosettaproject_chy_swadesh-1	chy	fat (n.)	vetšêške	vetʃêʃke	ê
rosettaproject_chy_swadesh-1	chy	father	neho\eehe	neho\eehe	\
rosettaproject_chy_swadesh-1	chy	fear	Ee\tohtahe.	Ee\tohtahe.	\
rosettaproject_chy_swadesh-1	chy	feather	mee\e	mee\e	\
rosettaproject_chy_swadesh-1	chy	few	tôhkomo	tôhkomo	ô
rosettaproject_chy_swadesh-1	chy	fight	Emeoto.	Emeoto.	
rosettaproject_chy_swadesh-1	chy	fingernail	mâhtoohevo	mâhtoohevo	â
rosettaproject_chy_swadesh-1	chy	fire	ho\esta	ho\esta	\
rosettaproject_chy_swadesh-1	chy	fish	noma\he	noma\he	\
rosettaproject_chy_swadesh-1	chy	five	noho	noho	
rosettaproject_chy_swadesh-1	chy	float	Eamoe\o.	Eamoe\o.	\
rosettaproject_chy_swadesh-1	chy	flow	Eame\sevo.	Eame\sevo.	\
rosettaproject_chy_swadesh-1	chy	flower	vehpôtse	vehpôtse	ô
rosettaproject_chy_swadesh-1	chy	fly (v.)	Eame\ha.	Eame\ha.	\
rosettaproject_chy_swadesh-1	chy	fog	ma\eno enêhpoese	ma\eno enêhpoese	\ê
rosettaproject_chy_swadesh-1	chy	four	neve	neve	
rosettaproject_chy_swadesh-1	chy	full	Eo\otomo\ena.	Eo\otomo\ena.	\
rosettaproject_chy_swadesh-1	chy	give	Emea\e.	Emea\e.	\
rosettaproject_chy_swadesh-1	chy	good	Epeva\e.	Epeva\e.	\
rosettaproject_chy_swadesh-1	chy	grass	mo\e\êstse	mo\e\êstse	\ê
rosettaproject_chy_swadesh-1	chy	green	Ehoxo\ôhtsevo.	Ehoxo\ôhtsevo.	\ô
rosettaproject_chy_swadesh-1	chy	guts	ve\keonešêstse	ve\keoneʃêstse	\ê
rosettaproject_chy_swadesh-1	chy	hair	me\ko	me\ko	\
rosettaproject_chy_swadesh-1	chy	hand	ma\ahtse	ma\ahtse	\
rosettaproject_chy_swadesh-1	chy	he	e-	e-	
rosettaproject_chy_swadesh-1	chy	head	me\ko	me\ko	\
rosettaproject_chy_swadesh-1	chy	hear	Enestomone.	Enestomone.	
rosettaproject_chy_swadesh-1	chy	heart	hesta	hesta	
rosettaproject_chy_swadesh-1	chy	heavy	Ehaanano.	Ehaanano.	
rosettaproject_chy_swadesh-1	chy	here	tsêheohe	tsêheohe	ê
rosettaproject_chy_swadesh-1	chy	hit	Eoomoho.	Eoomoho.	
rosettaproject_chy_swadesh-1	chy	hold	Etoenoho.	Etoenoho.	
rosettaproject_chy_swadesh-1	chy	horn	vevêstse	vevêstse	ê
rosettaproject_chy_swadesh-1	chy	how	tonêše-	tonêʃe-	ê
rosettaproject_chy_swadesh-1	chy	hunt	Eemôhone.	Eemôhone.	ô
rosettaproject_chy_swadesh-1	chy	husband	Ehe\hevohta.	Ehe\hevohta.	\
rosettaproject_chy_swadesh-1	chy	husband	matsenoono	matsenoono	
rosettaproject_chy_swadesh-1	chy	husband	tsevestoemose	tsevestoemose	
rosettaproject_chy_swadesh-1	chy	i	na-	na-	
rosettaproject_chy_swadesh-1	chy	ice	ma\ome	ma\ome	\
rosettaproject_chy_swadesh-1	chy	if	mâhve\-	mâhve\-	\â
rosettaproject_chy_swadesh-1	chy	kill	Ena\hoho.	Ena\hoho.	\
rosettaproject_chy_swadesh-1	chy	knee	manêstane	manêstane	ê
rosettaproject_chy_swadesh-1	chy	know	Ehene\ena.	Ehene\ena.	\
rosettaproject_chy_swadesh-1	chy	laugh	Ehohatse.	Ehohatse.	
rosettaproject_chy_swadesh-1	chy	leaf	vehpôtse	vehpôtse	ô
rosettaproject_chy_swadesh-1	chy	left	henamosesto	henamosesto	
rosettaproject_chy_swadesh-1	chy	leg	mâhtse\ko	mâhtse\ko	\â
rosettaproject_chy_swadesh-1	chy	lie	Ešeeše.	Eʃeeʃe.	
rosettaproject_chy_swadesh-1	chy	live	Eametanene.	Eametanene.	
rosettaproject_chy_swadesh-1	chy	live	Evo\êstaneheve.	Evo\êstaneheve.	\ê
rosettaproject_chy_swadesh-1	chy	liver	he\e	he\e	\
rosettaproject_chy_swadesh-1	chy	long	Ehaa\eso.	Ehaa\eso.	\
rosettaproject_chy_swadesh-1	chy	louse	mâhtaeme	mâhtaeme	â
rosettaproject_chy_swadesh-1	chy	man	hetane	hetane	
rosettaproject_chy_swadesh-1	chy	many	haesto	haesto	
rosettaproject_chy_swadesh-1	chy	meat	ho\evohkôtse	ho\evohkôtse	\ô
rosettaproject_chy_swadesh-1	chy	moon	taa\eeše\he	taa\eeʃe\he	\
rosettaproject_chy_swadesh-1	chy	mother	nahko\oeehe	nahko\oeehe	\
rosettaproject_chy_swadesh-1	chy	mouth	mahtse	mahtse	
rosettaproject_chy_swadesh-1	chy	name	vehestôtse	vehestôtse	ô
rosettaproject_chy_swadesh-1	chy	near	a\e	a\e	\
rosettaproject_chy_swadesh-1	chy	neck	he\ôtse	he\ôtse	\ô
rosettaproject_chy_swadesh-1	chy	new	Emona\e.	Emona\e.	\
rosettaproject_chy_swadesh-1	chy	night	taa\e	taa\e	\
rosettaproject_chy_swadesh-1	chy	nose	ma\evo	ma\evo	\
rosettaproject_chy_swadesh-1	chy	not	saa-	saa-	
rosettaproject_chy_swadesh-1	chy	not	sáa-	sáa-	á
rosettaproject_chy_swadesh-1	chy	not	xxx	xxx	
rosettaproject_chy_swadesh-1	chy	old	Eena\he.	Eena\he.	\
rosettaproject_chy_swadesh-1	chy	one	na\êstse	na\êstse	\ê
rosettaproject_chy_swadesh-1	chy	other	Eneta\e.	Eneta\e.	\
rosettaproject_chy_swadesh-1	chy	person	vo\êstane	vo\êstane	\ê
rosettaproject_chy_swadesh-1	chy	play	Eevo\soo\e.	Eevo\soo\e.	\
rosettaproject_chy_swadesh-1	chy	pull	Eheseetoho.	Eheseetoho.	
rosettaproject_chy_swadesh-1	chy	rain	Ehoo\koho.	Ehoo\koho.	\
rosettaproject_chy_swadesh-1	chy	red	Ema\o.	Ema\o.	\
rosettaproject_chy_swadesh-1	chy	right	hestseamaxesto	hestseamaxesto	
rosettaproject_chy_swadesh-1	chy	river	o\he\e	o\he\e	\
rosettaproject_chy_swadesh-1	chy	road	meo\o	meo\o	\
rosettaproject_chy_swadesh-1	chy	root	hesotseve	hesotseve	
rosettaproject_chy_swadesh-1	chy	rope	heevaho	heevaho	
rosettaproject_chy_swadesh-1	chy	rotten	Ehoxeotse.	Ehoxeotse.	
rosettaproject_chy_swadesh-1	chy	round	Eonestahko.	Eonestahko.	
rosettaproject_chy_swadesh-1	chy	salt	vohpoma\ôhtse	vohpoma\ôhtse	\ô
rosettaproject_chy_swadesh-1	chy	sand	heseovo\e	heseovo\e	\
rosettaproject_chy_swadesh-1	chy	say	Ehevoo\o.	Ehevoo\o.	\
rosettaproject_chy_swadesh-1	chy	see	Evoosane.	Evoosane.	
rosettaproject_chy_swadesh-1	chy	sew	Ehahpeno\e.	Ehahpeno\e.	\
rosettaproject_chy_swadesh-1	chy	short	Ekâhkono.	Ekâhkono.	â
rosettaproject_chy_swadesh-1	chy	short	Etšêhe\kêstahe.	Etʃêhe\kêstahe.	\ê
rosettaproject_chy_swadesh-1	chy	sing	Enemene.	Enemene.	
rosettaproject_chy_swadesh-1	chy	sit	Eamonoo\e.	Eamonoo\e.	\
rosettaproject_chy_swadesh-1	chy	skin	vôhta\se	vôhta\se	\ô
rosettaproject_chy_swadesh-1	chy	sleep	Enaootse.	Enaootse.	
rosettaproject_chy_swadesh-1	chy	small	Etšêške\o.	Etʃêʃke\o.	\ê
rosettaproject_chy_swadesh-1	chy	smell	Ematone.	Ematone.	
rosettaproject_chy_swadesh-1	chy	smoke	veno\taeše	veno\taeʃe	\
rosettaproject_chy_swadesh-1	chy	smooth	Eheso\xo.	Eheso\xo.	\
rosettaproject_chy_swadesh-1	chy	snake	še\šenovôtse	ʃe\ʃenovôtse	\ô
rosettaproject_chy_swadesh-1	chy	snow	hesta\se	hesta\se	\
rosettaproject_chy_swadesh-1	chy	some	hosêstse	hosêstse	ê
rosettaproject_chy_swadesh-1	chy	spit	Eestova.	Eestova.	
rosettaproject_chy_swadesh-1	chy	spit	Eoese\hana.	Eoese\hana.	\
rosettaproject_chy_swadesh-1	chy	split	Eo\xeotse.	Eo\xeotse.	\
rosettaproject_chy_swadesh-1	chy	stab	Eovane\eoestôhnoho.	Eovane\eoestôhnoho.	\ô
rosettaproject_chy_swadesh-1	chy	stand	Enee\e.	Enee\e.	\
rosettaproject_chy_swadesh-1	chy	star	hotohke	hotohke	
rosettaproject_chy_swadesh-1	chy	stick	kamaxe	kamaxe	
rosettaproject_chy_swadesh-1	chy	stone	ho\honaa\e	ho\honaa\e	\
rosettaproject_chy_swadesh-1	chy	straight	Exanovo.	Exanovo.	
rosettaproject_chy_swadesh-1	chy	sun	eše\he	eʃe\he	\
rosettaproject_chy_swadesh-1	chy	swim	Etoo\hame.	Etoo\hame.	\
rosettaproject_chy_swadesh-1	chy	tail	heheva\xe	heheva\xe	\
rosettaproject_chy_swadesh-1	chy	that	ha\tohe	ha\tohe	\
rosettaproject_chy_swadesh-1	chy	there	nêheohe	nêheohe	ê
rosettaproject_chy_swadesh-1	chy	they	e- ... o\o	e- ... o\o	\
rosettaproject_chy_swadesh-1	chy	thick	Etonoto	Etonoto	
rosettaproject_chy_swadesh-1	chy	think	Eoo\hetano.	Eoo\hetano.	\
rosettaproject_chy_swadesh-1	chy	this	he\tohe	he\tohe	\
rosettaproject_chy_swadesh-1	chy	thou	ne-	ne-	
rosettaproject_chy_swadesh-1	chy	three	na\he	na\he	\
rosettaproject_chy_swadesh-1	chy	tie	Etoo\toho.	Etoo\toho.	\
rosettaproject_chy_swadesh-1	chy	tongue	vetanove	vetanove	
rosettaproject_chy_swadesh-1	chy	tooth	vee\êse	vee\êse	\ê
rosettaproject_chy_swadesh-1	chy	tree	hoohtsêstse	hoohtsêstse	ê
rosettaproject_chy_swadesh-1	chy	two	neše	neʃe	
rosettaproject_chy_swadesh-1	chy	vomit	Eheheotseotse.	Eheheotseotse.	
rosettaproject_chy_swadesh-1	chy	walk	Eamehne.	Eamehne.	
rosettaproject_chy_swadesh-1	chy	warm	Eexovo.	Eexovo.	
rosettaproject_chy_swadesh-1	chy	wash	Enêše\hanene.	Enêʃe\hanene.	\ê
rosettaproject_chy_swadesh-1	chy	water	mahpe	mahpe	
rosettaproject_chy_swadesh-1	chy	we	na- ... me	na- ... me	
rosettaproject_chy_swadesh-1	chy	we	ne- ... ma	ne- ... ma	
rosettaproject_chy_swadesh-1	chy	we	xxx	xxx	
rosettaproject_chy_swadesh-1	chy	wet	Ehe\koova.	Ehe\koova.	\
rosettaproject_chy_swadesh-1	chy	what	henova\e	henova\e	\
rosettaproject_chy_swadesh-1	chy	when	tone\še	tone\ʃe	\
rosettaproject_chy_swadesh-1	chy	where	tosa\e	tosa\e	\
rosettaproject_chy_swadesh-1	chy	white	Evo\komo.	Evo\komo.	\
rosettaproject_chy_swadesh-1	chy	who	nevaahe	nevaahe	
rosettaproject_chy_swadesh-1	chy	wide	Ehaahpe\eotse.	Ehaahpe\eotse.	\
rosettaproject_chy_swadesh-1	chy	wide	Etonovo.	Etonovo.	
rosettaproject_chy_swadesh-1	chy	wife	tsevestoemose	tsevestoemose	
rosettaproject_chy_swadesh-1	chy	wind	Ehaa\ha.	Ehaa\ha.	\
rosettaproject_chy_swadesh-1	chy	woman	he\e	he\e	\
rosettaproject_chy_swadesh-1	chy	year	aa\e	aa\e	\
rosettaproject_chy_swadesh-1	chy	yellow	Eheovo.	Eheovo.	
rosettaproject_chy_swadesh-1	chy	you	ne- ... me	ne- ... me	
rosettaproject_kzf_swadesh-1	kzf	all	pura-pura	pura-pura	
rosettaproject_kzf_swadesh-1	kzf	and	pade	pade	
rosettaproject_kzf_swadesh-1	kzf	animal	binata	binata	
rosettaproject_kzf_swadesh-1	kzf	ashes	avu	avu	
rosettaproject_kzf_swadesh-1	kzf	back	beŋo	beŋo	
rosettaproject_kzf_swadesh-1	kzf	bad	na-[ǰaa]	na-[d͡ʒaa]	
rosettaproject_kzf_swadesh-1	kzf	bark	kuliⁿgayu	kuliⁿgayu	
rosettaproject_kzf_swadesh-1	kzf	because	[sabana]	[sabana]	
rosettaproject_kzf_swadesh-1	kzf	belly	taʔi	taʔi	
rosettaproject_kzf_swadesh-1	kzf	bird	toñǰi	toɲd͡ʒi	
rosettaproject_kzf_swadesh-1	kzf	bite	na-ŋgiki (kiki)	na-ŋgiki (kiki)	
rosettaproject_kzf_swadesh-1	kzf	black	na-vuri	na-vuri	
rosettaproject_kzf_swadesh-1	kzf	blood	lei	lei	
rosettaproject_kzf_swadesh-1	kzf	blow	nan-tavui	nan-tavui	
rosettaproject_kzf_swadesh-1	kzf	bone	vuku	vuku	
rosettaproject_kzf_swadesh-1	kzf	breast	susu	susu	
rosettaproject_kzf_swadesh-1	kzf	breathe	nosa	nosa	
rosettaproject_kzf_swadesh-1	kzf	burn	nan-tuⁿ̃ǰu	nan-tuⁿ̃d͡ʒu	
rosettaproject_kzf_swadesh-1	kzf	child	ana	ana	
rosettaproject_kzf_swadesh-1	kzf	cloud	kulimu	kulimu	
rosettaproject_kzf_swadesh-1	kzf	cold	na-leni	na-leni	
rosettaproject_kzf_swadesh-1	kzf	come	mayi	mayi	
rosettaproject_kzf_swadesh-1	kzf	correct	na-kono	na-kono	
rosettaproject_kzf_swadesh-1	kzf	count	noⁿba-bila	noⁿba-bila	
rosettaproject_kzf_swadesh-1	kzf	cut	noⁿba-koto	noⁿba-koto	
rosettaproject_kzf_swadesh-1	kzf	die	na-mate	na-mate	
rosettaproject_kzf_swadesh-1	kzf	dig	no-kae	no-kae	
rosettaproject_kzf_swadesh-1	kzf	dirty	na-depu	na-depu	
rosettaproject_kzf_swadesh-1	kzf	dog	asu	asu	
rosettaproject_kzf_swadesh-1	kzf	drink	naŋ-inu	naŋ-inu	
rosettaproject_kzf_swadesh-1	kzf	dry	na-ŋau	na-ŋau	
rosettaproject_kzf_swadesh-1	kzf	dull	na-ⁿgulu	na-ⁿgulu	
rosettaproject_kzf_swadesh-1	kzf	dust	sovu	sovu	
rosettaproject_kzf_swadesh-1	kzf	ear	taliŋa	taliŋa	
rosettaproject_kzf_swadesh-1	kzf	earth	tana	tana	
rosettaproject_kzf_swadesh-1	kzf	egg	tolu	tolu	
rosettaproject_kzf_swadesh-1	kzf	empty	na-boa	na-boa	
rosettaproject_kzf_swadesh-1	kzf	eye	mata	mata	
rosettaproject_kzf_swadesh-1	kzf	fall	čara	t͡ʃara	
rosettaproject_kzf_swadesh-1	kzf	far	na-kavao	na-kavao	
rosettaproject_kzf_swadesh-1	kzf	fat (n.)	lomu	lomu	
rosettaproject_kzf_swadesh-1	kzf	father	uma	uma	
rosettaproject_kzf_swadesh-1	kzf	fear	eka	eka	
rosettaproject_kzf_swadesh-1	kzf	few	na-kura	na-kura	
rosettaproject_kzf_swadesh-1	kzf	fingernail	nama-kukūnu	nama-kukūnu	ū
rosettaproject_kzf_swadesh-1	kzf	fire	apu	apu	
rosettaproject_kzf_swadesh-1	kzf	fish	bau	bau	
rosettaproject_kzf_swadesh-1	kzf	five	alima	alima	
rosettaproject_kzf_swadesh-1	kzf	float	nem-baya	nem-baya	
rosettaproject_kzf_swadesh-1	kzf	flow	no-ili	no-ili	
rosettaproject_kzf_swadesh-1	kzf	flower	buŋa	buŋa	
rosettaproject_kzf_swadesh-1	kzf	fly (v.)	ne-{m}bua	ne-{m}bua	
rosettaproject_kzf_swadesh-1	kzf	fog	kulimu ⁿgapu	kulimu ⁿgapu	
rosettaproject_kzf_swadesh-1	kzf	foot	kada	kada	
rosettaproject_kzf_swadesh-1	kzf	forest	paŋale	paŋale	
rosettaproject_kzf_swadesh-1	kzf	four	aⁿpa	aⁿpa	
rosettaproject_kzf_swadesh-1	kzf	frog	tuⁿpa	tuⁿpa	
rosettaproject_kzf_swadesh-1	kzf	fruit	vua	vua	
rosettaproject_kzf_swadesh-1	kzf	full	na-ponu	na-ponu	
rosettaproject_kzf_swadesh-1	kzf	give	no{m}ba-vai	no{m}ba-vai	
rosettaproject_kzf_swadesh-1	kzf	good	na-belo	na-belo	
rosettaproject_kzf_swadesh-1	kzf	grass	kavoko	kavoko	
rosettaproject_kzf_swadesh-1	kzf	green	na-ramata	na-ramata	
rosettaproject_kzf_swadesh-1	kzf	guts	taʔi tina	taʔi tina	
rosettaproject_kzf_swadesh-1	kzf	hair	vulu voʔo	vulu voʔo	
rosettaproject_kzf_swadesh-1	kzf	hand	pale	pale	
rosettaproject_kzf_swadesh-1	kzf	he	iʔa	iʔa	
rosettaproject_kzf_swadesh-1	kzf	head	baleⁿga	baleⁿga	
rosettaproject_kzf_swadesh-1	kzf	hear	naŋ-epe	naŋ-epe	
rosettaproject_kzf_swadesh-1	kzf	heart	sule	sule	
rosettaproject_kzf_swadesh-1	kzf	heavy	na-tomo	na-tomo	
rosettaproject_kzf_swadesh-1	kzf	hit	noⁿba-boba	noⁿba-boba	
rosettaproject_kzf_swadesh-1	kzf	horn	taⁿdu	taⁿdu	
rosettaproject_kzf_swadesh-1	kzf	how	ivenu	ivenu	
rosettaproject_kzf_swadesh-1	kzf	hunt	no-asu	no-asu	
rosettaproject_kzf_swadesh-1	kzf	husband	roŋo	roŋo	
rosettaproject_kzf_swadesh-1	kzf	i	aku	aku	
rosettaproject_kzf_swadesh-1	kzf	ice	[es]	[es]	
rosettaproject_kzf_swadesh-1	kzf	if	ane	ane	
rosettaproject_kzf_swadesh-1	kzf	in	ri ara	ri ara	
rosettaproject_kzf_swadesh-1	kzf	kill	no-ⁿpatesi	no-ⁿpatesi	
rosettaproject_kzf_swadesh-1	kzf	knee	vukotu	vukotu	
rosettaproject_kzf_swadesh-1	kzf	know	naⁿginĵani (nǰani)	naⁿginĵani (nd͡ʒani)	ĵ
rosettaproject_kzf_swadesh-1	kzf	lake	rano	rano	
rosettaproject_kzf_swadesh-1	kzf	large	na-bete	na-bete	
rosettaproject_kzf_swadesh-1	kzf	laugh	no-ŋiri	no-ŋiri	
rosettaproject_kzf_swadesh-1	kzf	leaf	tava	tava	
rosettaproject_kzf_swadesh-1	kzf	left	ⁿǰidi	ⁿd͡ʒidi	
rosettaproject_kzf_swadesh-1	kzf	leg	kada	kada	
rosettaproject_kzf_swadesh-1	kzf	lie	mo-ti-balato	mo-ti-balato	
rosettaproject_kzf_swadesh-1	kzf	live	na-tuvu	na-tuvu	
rosettaproject_kzf_swadesh-1	kzf	liver	ate	ate	
rosettaproject_kzf_swadesh-1	kzf	long	na-ⁿdate	na-ⁿdate	
rosettaproject_kzf_swadesh-1	kzf	louse	kutu	kutu	
rosettaproject_kzf_swadesh-1	kzf	man	laŋgai	laŋgai	
rosettaproject_kzf_swadesh-1	kzf	many	na-dea	na-dea	
rosettaproject_kzf_swadesh-1	kzf	meat	isi	isi	
rosettaproject_kzf_swadesh-1	kzf	moon	vula	vula	
rosettaproject_kzf_swadesh-1	kzf	mother	iⁿdo	iⁿdo	
rosettaproject_kzf_swadesh-1	kzf	mountain	bulu	bulu	
rosettaproject_kzf_swadesh-1	kzf	mouth	suⁿba	suⁿba	
rosettaproject_kzf_swadesh-1	kzf	name	saŋa	saŋa	
rosettaproject_kzf_swadesh-1	kzf	narrow	na-pii	na-pii	
rosettaproject_kzf_swadesh-1	kzf	near	na-mosu	na-mosu	
rosettaproject_kzf_swadesh-1	kzf	neck	taⁿbolo	taⁿbolo	
rosettaproject_kzf_swadesh-1	kzf	new	na-bou	na-bou	
rosettaproject_kzf_swadesh-1	kzf	night	{ŋ}gaveŋi	{ŋ}gaveŋi	
rosettaproject_kzf_swadesh-1	kzf	nose	oŋe	oŋe	
rosettaproject_kzf_swadesh-1	kzf	old	na-tuʔa	na-tuʔa	
rosettaproject_kzf_swadesh-1	kzf	one	sa-oŋu	sa-oŋu	
rosettaproject_kzf_swadesh-1	kzf	person	tau	tau	
rosettaproject_kzf_swadesh-1	kzf	play	no-more	no-more	
rosettaproject_kzf_swadesh-1	kzf	pull	noⁿba-taǰa	noⁿba-tad͡ʒa	
rosettaproject_kzf_swadesh-1	kzf	push	nan-tuⁿbo	nan-tuⁿbo	
rosettaproject_kzf_swadesh-1	kzf	rain	uǰa	ud͡ʒa	
rosettaproject_kzf_swadesh-1	kzf	red	na-lei	na-lei	
rosettaproject_kzf_swadesh-1	kzf	right	{ŋ}gana	{ŋ}gana	
rosettaproject_kzf_swadesh-1	kzf	river	salu nu ue	salu nu ue	
rosettaproject_kzf_swadesh-1	kzf	road	ǰala	d͡ʒala	
rosettaproject_kzf_swadesh-1	kzf	root	kale	kale	
rosettaproject_kzf_swadesh-1	kzf	rope	kaloro	kaloro	
rosettaproject_kzf_swadesh-1	kzf	rotten	na-vau	na-vau	
rosettaproject_kzf_swadesh-1	kzf	round	na-lioŋu	na-lioŋu	
rosettaproject_kzf_swadesh-1	kzf	rub	noⁿba-sosoro	noⁿba-sosoro	
rosettaproject_kzf_swadesh-1	kzf	salt	gara	gara	
rosettaproject_kzf_swadesh-1	kzf	sand	bone	bone	
rosettaproject_kzf_swadesh-1	kzf	say	naŋ-uli	naŋ-uli	
rosettaproject_kzf_swadesh-1	kzf	sea	tasi	tasi	
rosettaproject_kzf_swadesh-1	kzf	seed	savu	savu	
rosettaproject_kzf_swadesh-1	kzf	sew	no-ǰau	no-d͡ʒau	
rosettaproject_kzf_swadesh-1	kzf	sharp	na-taǰa	na-tad͡ʒa	
rosettaproject_kzf_swadesh-1	kzf	short	na-ede	na-ede	
rosettaproject_kzf_swadesh-1	kzf	sing	no-dade	no-dade	
rosettaproject_kzf_swadesh-1	kzf	sit	neka-toko	neka-toko	
rosettaproject_kzf_swadesh-1	kzf	skin	kuli	kuli	
rosettaproject_kzf_swadesh-1	kzf	sky	laŋi	laŋi	
rosettaproject_kzf_swadesh-1	kzf	sleep	no-turu	no-turu	
rosettaproject_kzf_swadesh-1	kzf	small	naⁿgedi (kedi)	naⁿgedi (kedi)	
rosettaproject_kzf_swadesh-1	kzf	smell	noⁿpe-soa	noⁿpe-soa	
rosettaproject_kzf_swadesh-1	kzf	smoke	raŋasu	raŋasu	
rosettaproject_kzf_swadesh-1	kzf	smooth	na-lusu	na-lusu	
rosettaproject_kzf_swadesh-1	kzf	snake	ule	ule	
rosettaproject_kzf_swadesh-1	kzf	some	bara sakuya	bara sakuya	
rosettaproject_kzf_swadesh-1	kzf	spit	no-tailu	no-tailu	
rosettaproject_kzf_swadesh-1	kzf	split	noⁿba-biŋga	noⁿba-biŋga	
rosettaproject_kzf_swadesh-1	kzf	stab	no{m}ba-tosu	no{m}ba-tosu	
rosettaproject_kzf_swadesh-1	kzf	stand	neka-{ŋ}gore	neka-{ŋ}gore	
rosettaproject_kzf_swadesh-1	kzf	star	betue	betue	
rosettaproject_kzf_swadesh-1	kzf	stick	leⁿbau	leⁿbau	
rosettaproject_kzf_swadesh-1	kzf	suck	nan-tomi	nan-tomi	
rosettaproject_kzf_swadesh-1	kzf	sun	mata eo	mata eo	
rosettaproject_kzf_swadesh-1	kzf	tail	lelo	lelo	
rosettaproject_kzf_swadesh-1	kzf	they	ira	ira	
rosettaproject_kzf_swadesh-1	kzf	thick	na-ku{m}ba	na-ku{m}ba	
rosettaproject_kzf_swadesh-1	kzf	thin	na-nipi	na-nipi	
rosettaproject_kzf_swadesh-1	kzf	think	nom-[pekiri]	nom-[pekiri]	
rosettaproject_kzf_swadesh-1	kzf	thou	iko	iko	
rosettaproject_kzf_swadesh-1	kzf	thou	komi	komi	
rosettaproject_kzf_swadesh-1	kzf	three	tolu-oŋu	tolu-oŋu	
rosettaproject_kzf_swadesh-1	kzf	throw	no{m}ba-re{m}pe	no{m}ba-re{m}pe	
rosettaproject_kzf_swadesh-1	kzf	tie	nom-poʔu	nom-poʔu	
rosettaproject_kzf_swadesh-1	kzf	tongue	ǰila	d͡ʒila	
rosettaproject_kzf_swadesh-1	kzf	tooth	ŋisi	ŋisi	
rosettaproject_kzf_swadesh-1	kzf	tree	kayu	kayu	
rosettaproject_kzf_swadesh-1	kzf	turn	no{m}pa-tuobo	no{m}pa-tuobo	
rosettaproject_kzf_swadesh-1	kzf	two	roŋu	roŋu	
rosettaproject_kzf_swadesh-1	kzf	vomit	ne-lua	ne-lua	
rosettaproject_kzf_swadesh-1	kzf	warm	na-pane	na-pane	
rosettaproject_kzf_swadesh-1	kzf	wet	na-sii	na-sii	
rosettaproject_kzf_swadesh-1	kzf	what	nuapa	nuapa	
rosettaproject_kzf_swadesh-1	kzf	when	nepia	nepia	
rosettaproject_kzf_swadesh-1	kzf	which	ri uⁿba	ri uⁿba	
rosettaproject_kzf_swadesh-1	kzf	white	na-bula	na-bula	
rosettaproject_kzf_swadesh-1	kzf	who	sema	sema	
rosettaproject_kzf_swadesh-1	kzf	why	nokuya	nokuya	
rosettaproject_kzf_swadesh-1	kzf	wide	na-luo	na-luo	
rosettaproject_kzf_swadesh-1	kzf	wife	roŋo	roŋo	
rosettaproject_kzf_swadesh-1	kzf	wind	poiri	poiri	
rosettaproject_kzf_swadesh-1	kzf	wing	kapi	kapi	
rosettaproject_kzf_swadesh-1	kzf	woman	brsi	brsi	
rosettaproject_kzf_swadesh-1	kzf	worm	ⁿdoro tana	ⁿdoro tana	
rosettaproject_kzf_swadesh-1	kzf	wrong	na-sala	na-sala	
rosettaproject_kzf_swadesh-1	kzf	year	ⁿpae	ⁿpae	
rosettaproject_kzf_swadesh-1	kzf	yellow	na-kuni	na-kuni	
rosettaproject_med_swadesh-1	med	arrow	egl	egl	
rosettaproject_med_swadesh-1	med	arrow	egl moŋ	egl moŋ	
rosettaproject_med_swadesh-1	med	ashes	jip kik	jip kik	
rosettaproject_med_swadesh-1	med	ashes	ǯip kik	d͡ʒip kik	
rosettaproject_med_swadesh-1	med	back	burung	burung	
rosettaproject_med_swadesh-1	med	back	buruŋ	buruŋ	
rosettaproject_med_swadesh-1	med	bad	kic	kic	
rosettaproject_med_swadesh-1	med	bad	kič	kit͡ʃ	
rosettaproject_med_swadesh-1	med	big	ou	ou	
rosettaproject_med_swadesh-1	med	bird	kai	kai	
rosettaproject_med_swadesh-1	med	black	pombara	pombara	
rosettaproject_med_swadesh-1	med	black	pómbara	pómbara	ó
rosettaproject_med_swadesh-1	med	blood	mem	mem	
rosettaproject_med_swadesh-1	med	bone	ombedl	ombedl	
rosettaproject_med_swadesh-1	med	bone	ombegl	ombegl	
rosettaproject_med_swadesh-1	med	bone	ombegli	ombegli	
rosettaproject_med_swadesh-1	med	bone	ómbedli	ómbedli	ó
rosettaproject_med_swadesh-1	med	breast	aim	aim	
rosettaproject_med_swadesh-1	med	brother	aiya	aiya	
rosettaproject_med_swadesh-1	med	brother	angini	angini	
rosettaproject_med_swadesh-1	med	brother	aŋini	aŋini	
rosettaproject_med_swadesh-1	med	burn	dip nunt	dip nunt	
rosettaproject_med_swadesh-1	med	butterfly	goguma	goguma	
rosettaproject_med_swadesh-1	med	cassowary	raima	raima	
rosettaproject_med_swadesh-1	med	child	kan	kan	
rosettaproject_med_swadesh-1	med	child	nana	nana	
rosettaproject_med_swadesh-1	med	cold	ait enim	ait enim	
rosettaproject_med_swadesh-1	med	cut	kop	kop	
rosettaproject_med_swadesh-1	med	cut	kop cinc	kop cinc	
rosettaproject_med_swadesh-1	med	day	renguma	renguma	
rosettaproject_med_swadesh-1	med	day	reŋuma	reŋuma	
rosettaproject_med_swadesh-1	med	dog	oua	oua	
rosettaproject_med_swadesh-1	med	drink	nu nont	nu nont	
rosettaproject_med_swadesh-1	med	ear	kum	kum	
rosettaproject_med_swadesh-1	med	earth	moi	moi	
rosettaproject_med_swadesh-1	med	earth	möi	möi	ö
rosettaproject_med_swadesh-1	med	eat	nonc	nonc	
rosettaproject_med_swadesh-1	med	eat	nont	nont	
rosettaproject_med_swadesh-1	med	eat	nonč	nont͡ʃ	
rosettaproject_med_swadesh-1	med	egg	mugl	mugl	
rosettaproject_med_swadesh-1	med	egg	mukl	mukl	
rosettaproject_med_swadesh-1	med	emu	raima	raima	
rosettaproject_med_swadesh-1	med	eye	mong	mong	
rosettaproject_med_swadesh-1	med	eye	moŋ	moŋ	
rosettaproject_med_swadesh-1	med	face	gwimpa keda	gwimpa keda	
rosettaproject_med_swadesh-1	med	father	tipan	tipan	
rosettaproject_med_swadesh-1	med	father	tipám	tipám	á
rosettaproject_med_swadesh-1	med	father	wota	wota	
rosettaproject_med_swadesh-1	med	fear	mondrmon ent	mondrmon ent	
rosettaproject_med_swadesh-1	med	fire	cip	cip	
rosettaproject_med_swadesh-1	med	fire	čip	t͡ʃip	
rosettaproject_med_swadesh-1	med	fish	o:ma	o:ma	
rosettaproject_med_swadesh-1	med	fish	oːma	oːma	
rosettaproject_med_swadesh-1	med	flower	kunjip	kunjip	
rosettaproject_med_swadesh-1	med	flower	kunǯip	kund͡ʒip	
rosettaproject_med_swadesh-1	med	fly (n.)	oglma	oglma	
rosettaproject_med_swadesh-1	med	foot	cimp	cimp	
rosettaproject_med_swadesh-1	med	foot	čimp	t͡ʃimp	
rosettaproject_med_swadesh-1	med	fruit	de mong	de mong	
rosettaproject_med_swadesh-1	med	fruit	de moŋ	de moŋ	
rosettaproject_med_swadesh-1	med	girl	ambogla	ambogla	
rosettaproject_med_swadesh-1	med	girl	ámbogla	ámbogla	á
rosettaproject_med_swadesh-1	med	give	eʎim ŋunt	eʎim ŋunt	
rosettaproject_med_swadesh-1	med	give	na elyim ngunt	na elyim ngunt	
rosettaproject_med_swadesh-1	med	give	na nim ngunt	na nim ngunt	
rosettaproject_med_swadesh-1	med	good	kai	kai	
rosettaproject_med_swadesh-1	med	guts	kijim	kijim	
rosettaproject_med_swadesh-1	med	guts	kiǯim	kid͡ʒim	
rosettaproject_med_swadesh-1	med	hair	peng inji	peng inji	
rosettaproject_med_swadesh-1	med	hair	peŋ inǯi	peŋ ind͡ʒi	
rosettaproject_med_swadesh-1	med	hand	ki	ki	
rosettaproject_med_swadesh-1	med	head	peng	peng	
rosettaproject_med_swadesh-1	med	head	peŋ	peŋ	
rosettaproject_med_swadesh-1	med	hear	pinc	pinc	
rosettaproject_med_swadesh-1	med	hear	pinč	pint͡ʃ	
rosettaproject_med_swadesh-1	med	house	mana	mana	
rosettaproject_med_swadesh-1	med	husband	wamb	wamb	
rosettaproject_med_swadesh-1	med	i	na	na	
rosettaproject_med_swadesh-1	med	know	na pinc	na pinc	
rosettaproject_med_swadesh-1	med	know	pinč	pint͡ʃ	
rosettaproject_med_swadesh-1	med	leaf	ngoman	ngoman	
rosettaproject_med_swadesh-1	med	leaf	ŋoman	ŋoman	
rosettaproject_med_swadesh-1	med	lie	na uru pinc	na uru pinc	
rosettaproject_med_swadesh-1	med	lie	uru	uru	
rosettaproject_med_swadesh-1	med	live	na konc morum	na konc morum	
rosettaproject_med_swadesh-1	med	long	rugl	rugl	
rosettaproject_med_swadesh-1	med	louse	nema	nema	
rosettaproject_med_swadesh-1	med	man	wamb	wamb	
rosettaproject_med_swadesh-1	med	man	wo	wo	
rosettaproject_med_swadesh-1	med	man	wö	wö	ö
rosettaproject_med_swadesh-1	med	meat	minc	minc	
rosettaproject_med_swadesh-1	med	meat	minč	mint͡ʃ	
rosettaproject_med_swadesh-1	med	moon	kalyímp	kalyímp	í
rosettaproject_med_swadesh-1	med	moon	kaʎimp	kaʎimp	
rosettaproject_med_swadesh-1	med	mother	mam	mam	
rosettaproject_med_swadesh-1	med	mountain	komënga	komënga	ë
rosettaproject_med_swadesh-1	med	mountain	koməŋa	koməŋa	
rosettaproject_med_swadesh-1	med	mouth	keda	keda	
rosettaproject_med_swadesh-1	med	name	bi	bi	
rosettaproject_med_swadesh-1	med	new	kont(y)	kont(y)	
rosettaproject_med_swadesh-1	med	night	anc maná ponum	anc maná ponum	á
rosettaproject_med_swadesh-1	med	night	anč mand ponum	ant͡ʃ mand ponum	
rosettaproject_med_swadesh-1	med	night	rumbugl	rumbugl	
rosettaproject_med_swadesh-1	med	nose	guimp	guimp	
rosettaproject_med_swadesh-1	med	rain	kona ronum	kona ronum	
rosettaproject_med_swadesh-1	med	rat	koi	koi	
rosettaproject_med_swadesh-1	med	rat	kui	kui	
rosettaproject_med_swadesh-1	med	red	gundr	gundr	
rosettaproject_med_swadesh-1	med	road	nombugla	nombugla	
rosettaproject_med_swadesh-1	med	root	ai	ai	
rosettaproject_med_swadesh-1	med	rope	egl gan	egl gan	
rosettaproject_med_swadesh-1	med	rope	ga:n	ga:n	
rosettaproject_med_swadesh-1	med	rope	gaːn	gaːn	
rosettaproject_med_swadesh-1	med	say	na nyinc	na nyinc	
rosettaproject_med_swadesh-1	med	say	ɲinč	ɲint͡ʃ	
rosettaproject_med_swadesh-1	med	see	ka-	ka-	
rosettaproject_med_swadesh-1	med	see	ka-nc	ka-nc	
rosettaproject_med_swadesh-1	med	see	kanč	kant͡ʃ	
rosettaproject_med_swadesh-1	med	see	na kanc	na kanc	
rosettaproject_med_swadesh-1	med	sister	aiya	aiya	
rosettaproject_med_swadesh-1	med	sit	mana munt	mana munt	
rosettaproject_med_swadesh-1	med	skin	koŋ	koŋ	
rosettaproject_med_swadesh-1	med	skin	köng	köng	ö
rosettaproject_med_swadesh-1	med	small	kedl	kedl	
rosettaproject_med_swadesh-1	med	small	kegl	kegl	
rosettaproject_med_swadesh-1	med	smoke	dop egidl	dop egidl	
rosettaproject_med_swadesh-1	med	smoke	dop egigl	dop egigl	
rosettaproject_med_swadesh-1	med	snake	wumbia	wumbia	
rosettaproject_med_swadesh-1	med	stand	ogla munt	ogla munt	
rosettaproject_med_swadesh-1	med	star	mibidl	mibidl	
rosettaproject_med_swadesh-1	med	star	mibigl	mibigl	
rosettaproject_med_swadesh-1	med	stone	ku	ku	
rosettaproject_med_swadesh-1	med	sun	anc	anc	
rosettaproject_med_swadesh-1	med	sun	anč	ant͡ʃ	
rosettaproject_med_swadesh-1	med	tomorrow	ta:gl	ta:gl	
rosettaproject_med_swadesh-1	med	tomorrow	uglö	uglö	ö
rosettaproject_med_swadesh-1	med	tongue	anumbidl	anumbidl	
rosettaproject_med_swadesh-1	med	tongue	anumbigl	anumbigl	
rosettaproject_med_swadesh-1	med	tooth	nggu	nggu	
rosettaproject_med_swadesh-1	med	tooth	ŋgu	ŋgu	
rosettaproject_med_swadesh-1	med	tree	de	de	
rosettaproject_med_swadesh-1	med	walk	va	va	
rosettaproject_med_swadesh-1	med	walk	va!	va!	
rosettaproject_med_swadesh-1	med	water	no	no	
rosettaproject_med_swadesh-1	med	water	nu	nu	
rosettaproject_med_swadesh-1	med	weep	mongo te	mongo te	
rosettaproject_med_swadesh-1	med	weep	moŋo te	moŋo te	
rosettaproject_med_swadesh-1	med	weep	wi runt	wi runt	
rosettaproject_med_swadesh-1	med	white	kurumugl	kurumugl	
rosettaproject_med_swadesh-1	med	wife	amp-om	amp-om	
rosettaproject_med_swadesh-1	med	wind	kobuglo	kobuglo	
rosettaproject_med_swadesh-1	med	wind	köbuglô	köbuglô	ôö
rosettaproject_med_swadesh-1	med	woman	aimbi	aimbi	
rosettaproject_med_swadesh-1	med	woman	amp	amp	
rosettaproject_ncm_swadesh-1	ncm	all	milbamudi	milbamudi	
rosettaproject_ncm_swadesh-1	ncm	ankle	edukwod	edukwod	
rosettaproject_ncm_swadesh-1	ncm	arm	tand	tand	
rosettaproject_ncm_swadesh-1	ncm	arm	tond	tond	
rosettaproject_ncm_swadesh-1	ncm	arm	tond-gabgabin	tond-gabgabin	
rosettaproject_ncm_swadesh-1	ncm	arm	tond-pelebele	tond-pelebele	
rosettaproject_ncm_swadesh-1	ncm	arm	tonda	tonda	
rosettaproject_ncm_swadesh-1	ncm	arm	tunda	tunda	
rosettaproject_ncm_swadesh-1	ncm	arrow	tormor	tormor	
rosettaproject_ncm_swadesh-1	ncm	arrow	toromor	toromor	
rosettaproject_ncm_swadesh-1	ncm	ashes	par-glag	par-glag	
rosettaproject_ncm_swadesh-1	ncm	ashes	parg	parg	
rosettaproject_ncm_swadesh-1	ncm	ashes	pogalak	pogalak	
rosettaproject_ncm_swadesh-1	ncm	ashes	pogalaç	pogalaç	
rosettaproject_ncm_swadesh-1	ncm	back	tem-gwad	tem-gwad	
rosettaproject_ncm_swadesh-1	ncm	back	temgwad	temgwad	
rosettaproject_ncm_swadesh-1	ncm	bad	ialau	ialau	
rosettaproject_ncm_swadesh-1	ncm	bad	yela(-mungo)	yela(-mungo)	
rosettaproject_ncm_swadesh-1	ncm	bad	yelamuŋo	yelamuŋo	
rosettaproject_ncm_swadesh-1	ncm	bark	taŋal	taŋal	
rosettaproject_ncm_swadesh-1	ncm	belly	bengabu	bengabu	
rosettaproject_ncm_swadesh-1	ncm	belly	bengeb	bengeb	
rosettaproject_ncm_swadesh-1	ncm	belly	beŋabu	beŋabu	
rosettaproject_ncm_swadesh-1	ncm	belly	beŋeb	beŋeb	
rosettaproject_ncm_swadesh-1	ncm	belly	bungup	bungup	
rosettaproject_ncm_swadesh-1	ncm	belly	tseu	tseu	
rosettaproject_ncm_swadesh-1	ncm	belly	čeu	t͡ʃeu	
rosettaproject_ncm_swadesh-1	ncm	big	dimba(-l)	dimba(-l)	
rosettaproject_ncm_swadesh-1	ncm	big	dimbal	dimbal	
rosettaproject_ncm_swadesh-1	ncm	big	tseu	tseu	
rosettaproject_ncm_swadesh-1	ncm	big	w-	w-	
rosettaproject_ncm_swadesh-1	ncm	big	waisiwe	waisiwe	
rosettaproject_ncm_swadesh-1	ncm	big	wo-	wo-	
rosettaproject_ncm_swadesh-1	ncm	big	wu-	wu-	
rosettaproject_ncm_swadesh-1	ncm	big	wu-dimbwa-pibwi	wu-dimbwa-pibwi	
rosettaproject_ncm_swadesh-1	ncm	bird	aminya	aminya	
rosettaproject_ncm_swadesh-1	ncm	bird	amunye	amunye	
rosettaproject_ncm_swadesh-1	ncm	bird	amunyi	amunyi	
rosettaproject_ncm_swadesh-1	ncm	bird	amuɲi	amuɲi	
rosettaproject_ncm_swadesh-1	ncm	bird	armye	armye	
rosettaproject_ncm_swadesh-1	ncm	bite	na nambwet	na nambwet	
rosettaproject_ncm_swadesh-1	ncm	bite	nanambwet	nanambwet	
rosettaproject_ncm_swadesh-1	ncm	bite	taral	taral	
rosettaproject_ncm_swadesh-1	ncm	bite	togorar	togorar	
rosettaproject_ncm_swadesh-1	ncm	bitter	tabud	tabud	
rosettaproject_ncm_swadesh-1	ncm	black	kwebyegu	kwebyegu	
rosettaproject_ncm_swadesh-1	ncm	black	qebed	qebed	
rosettaproject_ncm_swadesh-1	ncm	black	qebid	qebid	
rosettaproject_ncm_swadesh-1	ncm	black	qebyegu	qebyegu	
rosettaproject_ncm_swadesh-1	ncm	blood	gual	gual	
rosettaproject_ncm_swadesh-1	ncm	blood	gwal	gwal	
rosettaproject_ncm_swadesh-1	ncm	bone	kuadila	kuadila	
rosettaproject_ncm_swadesh-1	ncm	bone	kwod	kwod	
rosettaproject_ncm_swadesh-1	ncm	bone	qod	qod	
rosettaproject_ncm_swadesh-1	ncm	bone	targbel	targbel	
rosettaproject_ncm_swadesh-1	ncm	boy	pi(r)-toje	pi(r)-toje	
rosettaproject_ncm_swadesh-1	ncm	boy	pier	pier	
rosettaproject_ncm_swadesh-1	ncm	boy	pirtoǯe	pirtod͡ʒe	
rosettaproject_ncm_swadesh-1	ncm	branch	kabwea	kabwea	
rosettaproject_ncm_swadesh-1	ncm	breast	kabo	kabo	
rosettaproject_ncm_swadesh-1	ncm	breast	kabo-qod	kabo-qod	
rosettaproject_ncm_swadesh-1	ncm	breast	kabokwod	kabokwod	
rosettaproject_ncm_swadesh-1	ncm	breast	kaboqod	kaboqod	
rosettaproject_ncm_swadesh-1	ncm	breast	kap-kuad	kap-kuad	
rosettaproject_ncm_swadesh-1	ncm	breast	nond	nond	
rosettaproject_ncm_swadesh-1	ncm	breast	qajö	qajö	ö
rosettaproject_ncm_swadesh-1	ncm	breathe	amage	amage	
rosettaproject_ncm_swadesh-1	ncm	brother	muidadum	muidadum	
rosettaproject_ncm_swadesh-1	ncm	brother	mvidadun	mvidadun	
rosettaproject_ncm_swadesh-1	ncm	brother	yan	yan	
rosettaproject_ncm_swadesh-1	ncm	brother	yanungal	yanungal	
rosettaproject_ncm_swadesh-1	ncm	brother	yanuŋal	yanuŋal	
rosettaproject_ncm_swadesh-1	ncm	burn	naned	naned	
rosettaproject_ncm_swadesh-1	ncm	butterfly	banguram	banguram	
rosettaproject_ncm_swadesh-1	ncm	butterfly	banuram	banuram	
rosettaproject_ncm_swadesh-1	ncm	butterfly	sikulekile	sikulekile	
rosettaproject_ncm_swadesh-1	ncm	butterfly	sikulekule	sikulekule	
rosettaproject_ncm_swadesh-1	ncm	calf	borgob	borgob	
rosettaproject_ncm_swadesh-1	ncm	cassowary	narjam	narjam	
rosettaproject_ncm_swadesh-1	ncm	chest	kabo qod	kabo qod	
rosettaproject_ncm_swadesh-1	ncm	chest	kwaje	kwaje	
rosettaproject_ncm_swadesh-1	ncm	chest	kwaǯe	kwad͡ʒe	
rosettaproject_ncm_swadesh-1	ncm	child	burage	burage	
rosettaproject_ncm_swadesh-1	ncm	child	firtoje	firtoje	
rosettaproject_ncm_swadesh-1	ncm	child	firtoǯe	firtod͡ʒe	
rosettaproject_ncm_swadesh-1	ncm	child	meregh	meregh	
rosettaproject_ncm_swadesh-1	ncm	child	mormoris	mormoris	
rosettaproject_ncm_swadesh-1	ncm	child	piatoje	piatoje	
rosettaproject_ncm_swadesh-1	ncm	child	piatoǯe	piatod͡ʒe	
rosettaproject_ncm_swadesh-1	ncm	child	pier	pier	
rosettaproject_ncm_swadesh-1	ncm	child	pyer	pyer	
rosettaproject_ncm_swadesh-1	ncm	child	warinjadara	warinjadara	
rosettaproject_ncm_swadesh-1	ncm	chin	pe:d	pe:d	
rosettaproject_ncm_swadesh-1	ncm	chin	peːd	peːd	
rosettaproject_ncm_swadesh-1	ncm	claw	aro pur	aro pur	
rosettaproject_ncm_swadesh-1	ncm	claw	ganga	ganga	
rosettaproject_ncm_swadesh-1	ncm	claw	gaŋa	gaŋa	
rosettaproject_ncm_swadesh-1	ncm	cloud	dabar	dabar	
rosettaproject_ncm_swadesh-1	ncm	cloud	kwad(or)	kwad(or)	
rosettaproject_ncm_swadesh-1	ncm	cloud	qad	qad	
rosettaproject_ncm_swadesh-1	ncm	cloud	qador	qador	
rosettaproject_ncm_swadesh-1	ncm	cold	earlom	earlom	
rosettaproject_ncm_swadesh-1	ncm	cold	yorolo	yorolo	
rosettaproject_ncm_swadesh-1	ncm	come	kanam	kanam	
rosettaproject_ncm_swadesh-1	ncm	come	konam	konam	
rosettaproject_ncm_swadesh-1	ncm	come	kumaram	kumaram	
rosettaproject_ncm_swadesh-1	ncm	crocodile	gardsar	gardsar	
rosettaproject_ncm_swadesh-1	ncm	crocodile	kaja	kaja	
rosettaproject_ncm_swadesh-1	ncm	crocodile	kaǯa	kad͡ʒa	
rosettaproject_ncm_swadesh-1	ncm	cut	toloba	toloba	
rosettaproject_ncm_swadesh-1	ncm	dance	kebuwele	kebuwele	
rosettaproject_ncm_swadesh-1	ncm	dark	qibid	qibid	
rosettaproject_ncm_swadesh-1	ncm	dark	yerimb	yerimb	
rosettaproject_ncm_swadesh-1	ncm	daughter	meregh	meregh	
rosettaproject_ncm_swadesh-1	ncm	daughter	mereɣ	mereɣ	
rosettaproject_ncm_swadesh-1	ncm	daughter	mirmeraij	mirmeraij	
rosettaproject_ncm_swadesh-1	ncm	daughter	mirmeraiǯ	mirmeraid͡ʒ	
rosettaproject_ncm_swadesh-1	ncm	day	abuyad	abuyad	
rosettaproject_ncm_swadesh-1	ncm	day	abwiado togon	abwiado togon	
rosettaproject_ncm_swadesh-1	ncm	day	kançer	kançer	
rosettaproject_ncm_swadesh-1	ncm	day	pendotol	pendotol	
rosettaproject_ncm_swadesh-1	ncm	day	yajerb	yajerb	
rosettaproject_ncm_swadesh-1	ncm	day	yaǯerb	yad͡ʒerb	
rosettaproject_ncm_swadesh-1	ncm	die	kor	kor	
rosettaproject_ncm_swadesh-1	ncm	die	kuldo	kuldo	
rosettaproject_ncm_swadesh-1	ncm	dig	gobuarubod	gobuarubod	
rosettaproject_ncm_swadesh-1	ncm	dig	terdal	terdal	
rosettaproject_ncm_swadesh-1	ncm	dig	tiadod	tiadod	
rosettaproject_ncm_swadesh-1	ncm	dirty	waguma	waguma	
rosettaproject_ncm_swadesh-1	ncm	dog	a:d	a:d	
rosettaproject_ncm_swadesh-1	ncm	dog	a\ad	a\ad	\
rosettaproject_ncm_swadesh-1	ncm	dog	ard	ard	
rosettaproject_ncm_swadesh-1	ncm	dog	ardo	ardo	
rosettaproject_ncm_swadesh-1	ncm	drink	tened	tened	
rosettaproject_ncm_swadesh-1	ncm	drink	teneːd	teneːd	
rosettaproject_ncm_swadesh-1	ncm	drink	toned	toned	
rosettaproject_ncm_swadesh-1	ncm	ear	tangald	tangald	
rosettaproject_ncm_swadesh-1	ncm	ear	taŋald	taŋald	
rosettaproject_ncm_swadesh-1	ncm	ear	tongal	tongal	
rosettaproject_ncm_swadesh-1	ncm	ear	toŋat	toŋat	
rosettaproject_ncm_swadesh-1	ncm	ear	tungale	tungale	
rosettaproject_ncm_swadesh-1	ncm	earth	dimol-gobo	dimol-gobo	
rosettaproject_ncm_swadesh-1	ncm	earth	gob	gob	
rosettaproject_ncm_swadesh-1	ncm	earth	gobb	gobb	
rosettaproject_ncm_swadesh-1	ncm	earth	waguma	waguma	
rosettaproject_ncm_swadesh-1	ncm	earth	waubarod	waubarod	
rosettaproject_ncm_swadesh-1	ncm	earth	yeu	yeu	
rosettaproject_ncm_swadesh-1	ncm	eat	ianed	ianed	
rosettaproject_ncm_swadesh-1	ncm	eat	narar	narar	
rosettaproject_ncm_swadesh-1	ncm	eat	taned	taned	
rosettaproject_ncm_swadesh-1	ncm	eat	toned	toned	
rosettaproject_ncm_swadesh-1	ncm	egg	bue	bue	
rosettaproject_ncm_swadesh-1	ncm	egg	bwe	bwe	
rosettaproject_ncm_swadesh-1	ncm	egg	bwey	bwey	
rosettaproject_ncm_swadesh-1	ncm	elbow	tond-ityumb	tond-ityumb	
rosettaproject_ncm_swadesh-1	ncm	elbow	tondityumb	tondityumb	
rosettaproject_ncm_swadesh-1	ncm	elbow	tondsumb	tondsumb	
rosettaproject_ncm_swadesh-1	ncm	elbow	tunshumba	tunshumba	
rosettaproject_ncm_swadesh-1	ncm	emu	narǯam	nard͡ʒam	
rosettaproject_ncm_swadesh-1	ncm	eye	taramb	taramb	
rosettaproject_ncm_swadesh-1	ncm	eye	tarambo	tarambo	
rosettaproject_ncm_swadesh-1	ncm	eye	tarambo nžurinǯuːr	tarambo nʒurind͡ʒuːr	
rosettaproject_ncm_swadesh-1	ncm	eye	tarambo čeb	tarambo t͡ʃeb	
rosettaproject_ncm_swadesh-1	ncm	face	cab	cab	
rosettaproject_ncm_swadesh-1	ncm	face	sa-ab	sa-ab	
rosettaproject_ncm_swadesh-1	ncm	face	swab	swab	
rosettaproject_ncm_swadesh-1	ncm	face	tehab	tehab	
rosettaproject_ncm_swadesh-1	ncm	fall	terogaso	terogaso	
rosettaproject_ncm_swadesh-1	ncm	far	ugama	ugama	
rosettaproject_ncm_swadesh-1	ncm	fat (n.)	ka\ab	ka\ab	\
rosettaproject_ncm_swadesh-1	ncm	fat (n.)	kaab	kaab	
rosettaproject_ncm_swadesh-1	ncm	father	ab	ab	
rosettaproject_ncm_swadesh-1	ncm	father	hab	hab	
rosettaproject_ncm_swadesh-1	ncm	fear	bereber	bereber	
rosettaproject_ncm_swadesh-1	ncm	fear	perebur	perebur	
rosettaproject_ncm_swadesh-1	ncm	feather	ami-seb	ami-seb	
rosettaproject_ncm_swadesh-1	ncm	feather	amiseb	amiseb	
rosettaproject_ncm_swadesh-1	ncm	feather	cebi	cebi	
rosettaproject_ncm_swadesh-1	ncm	feather	sebi	sebi	
rosettaproject_ncm_swadesh-1	ncm	feather	čebi	t͡ʃebi	
rosettaproject_ncm_swadesh-1	ncm	fight	agod	agod	
rosettaproject_ncm_swadesh-1	ncm	finger	dingalimi	dingalimi	
rosettaproject_ncm_swadesh-1	ncm	finger	kepurbur tsor	kepurbur tsor	
rosettaproject_ncm_swadesh-1	ncm	finger	purbur	purbur	
rosettaproject_ncm_swadesh-1	ncm	finger	tonda-por	tonda-por	
rosettaproject_ncm_swadesh-1	ncm	finger	tondapor	tondapor	
rosettaproject_ncm_swadesh-1	ncm	finger	tondo pur	tondo pur	
rosettaproject_ncm_swadesh-1	ncm	finger	tondo-pur	tondo-pur	
rosettaproject_ncm_swadesh-1	ncm	finger	yadmeni	yadmeni	
rosettaproject_ncm_swadesh-1	ncm	fingernail	tond-gang	tond-gang	
rosettaproject_ncm_swadesh-1	ncm	fingernail	tond-gaŋ	tond-gaŋ	
rosettaproject_ncm_swadesh-1	ncm	fire	panda	panda	
rosettaproject_ncm_swadesh-1	ncm	fire	pend	pend	
rosettaproject_ncm_swadesh-1	ncm	fire	pend(i)	pend(i)	
rosettaproject_ncm_swadesh-1	ncm	fire	penda	penda	
rosettaproject_ncm_swadesh-1	ncm	fish	agwur	agwur	
rosettaproject_ncm_swadesh-1	ncm	fish	agwur-naŋwar	agwur-naŋwar	
rosettaproject_ncm_swadesh-1	ncm	fish	angur	angur	
rosettaproject_ncm_swadesh-1	ncm	fish	aŋur	aŋur	
rosettaproject_ncm_swadesh-1	ncm	fish	ungua	ungua	
rosettaproject_ncm_swadesh-1	ncm	five	ambo-tond	ambo-tond	
rosettaproject_ncm_swadesh-1	ncm	five	ambotond	ambotond	
rosettaproject_ncm_swadesh-1	ncm	five	tumbitumbi-yambia	tumbitumbi-yambia	
rosettaproject_ncm_swadesh-1	ncm	flower	deram	deram	
rosettaproject_ncm_swadesh-1	ncm	flower	diram	diram	
rosettaproject_ncm_swadesh-1	ncm	flower	dram	dram	
rosettaproject_ncm_swadesh-1	ncm	fly (n.)	?bwereŋa	?bwereŋa	
rosettaproject_ncm_swadesh-1	ncm	fly (n.)	berang	berang	
rosettaproject_ncm_swadesh-1	ncm	fly (n.)	beraŋ	beraŋ	
rosettaproject_ncm_swadesh-1	ncm	fly (n.)	berung	berung	
rosettaproject_ncm_swadesh-1	ncm	fly (n.)	bweranga	bweranga	
rosettaproject_ncm_swadesh-1	ncm	fly (v.)	?bwereŋa	?bwereŋa	
rosettaproject_ncm_swadesh-1	ncm	fly (v.)	nabind	nabind	
rosettaproject_ncm_swadesh-1	ncm	fog	a\ag	a\ag	\
rosettaproject_ncm_swadesh-1	ncm	fog	aag	aag	
rosettaproject_ncm_swadesh-1	ncm	foot	kabu-kab	kabu-kab	
rosettaproject_ncm_swadesh-1	ncm	foot	kabu-kam	kabu-kam	
rosettaproject_ncm_swadesh-1	ncm	foot	kabukab	kabukab	
rosettaproject_ncm_swadesh-1	ncm	foot	kapa-kub	kapa-kub	
rosettaproject_ncm_swadesh-1	ncm	foot	keb-kabukab	keb-kabukab	
rosettaproject_ncm_swadesh-1	ncm	foot	kep-(kapu-kapu)	kep-(kapu-kapu)	
rosettaproject_ncm_swadesh-1	ncm	foot	tsor	tsor	
rosettaproject_ncm_swadesh-1	ncm	forehead	cabo-qod	cabo-qod	
rosettaproject_ncm_swadesh-1	ncm	forehead	sabi	sabi	
rosettaproject_ncm_swadesh-1	ncm	forehead	sarb	sarb	
rosettaproject_ncm_swadesh-1	ncm	forehead	čabo kwod	t͡ʃabo kwod	
rosettaproject_ncm_swadesh-1	ncm	forest	karber	karber	
rosettaproject_ncm_swadesh-1	ncm	four	tutu-biar	tutu-biar	
rosettaproject_ncm_swadesh-1	ncm	four	tutu-mbiar	tutu-mbiar	
rosettaproject_ncm_swadesh-1	ncm	four	tutumbiar	tutumbiar	
rosettaproject_ncm_swadesh-1	ncm	fruit	daram	daram	
rosettaproject_ncm_swadesh-1	ncm	fruit	welumbe	welumbe	
rosettaproject_ncm_swadesh-1	ncm	girl	meregh	meregh	
rosettaproject_ncm_swadesh-1	ncm	girl	meri-meregh	meri-meregh	
rosettaproject_ncm_swadesh-1	ncm	girl	meseɣ	meseɣ	
rosettaproject_ncm_swadesh-1	ncm	girl	mormoris	mormoris	
rosettaproject_ncm_swadesh-1	ncm	girl	mərməris	mərməris	
rosettaproject_ncm_swadesh-1	ncm	give	tuaram	tuaram	
rosettaproject_ncm_swadesh-1	ncm	give	yaraman	yaraman	
rosettaproject_ncm_swadesh-1	ncm	give	yaraman/yaram/waram/twaram/temamenda/temamen/tavamen	yaraman/yaram/waram/twaram/temamenda/temamen/tavamen	
rosettaproject_ncm_swadesh-1	ncm	good	audi	audi	
rosettaproject_ncm_swadesh-1	ncm	good	naun(u)	naun(u)	
rosettaproject_ncm_swadesh-1	ncm	good	naunumoɲa	naunumoɲa	
rosettaproject_ncm_swadesh-1	ncm	grass	körinjel	körinjel	ö
rosettaproject_ncm_swadesh-1	ncm	grass	kərinǯel	kərind͡ʒel	
rosettaproject_ncm_swadesh-1	ncm	green	bonga	bonga	
rosettaproject_ncm_swadesh-1	ncm	green	boŋa	boŋa	
rosettaproject_ncm_swadesh-1	ncm	guts	le	le	
rosettaproject_ncm_swadesh-1	ncm	hair	mer-jib	mer-jib	
rosettaproject_ncm_swadesh-1	ncm	hair	meri-jeb	meri-jeb	
rosettaproject_ncm_swadesh-1	ncm	hair	meri-jeb pib-jeb	meri-jeb pib-jeb	
rosettaproject_ncm_swadesh-1	ncm	hair	meriǯeb	merid͡ʒeb	
rosettaproject_ncm_swadesh-1	ncm	hair	meriǯeb pibiǯeb	merid͡ʒeb pibid͡ʒeb	
rosettaproject_ncm_swadesh-1	ncm	hair	mör-jib	mör-jib	ö
rosettaproject_ncm_swadesh-1	ncm	hair	mərǯib	mərd͡ʒib	
rosettaproject_ncm_swadesh-1	ncm	hand	tang-kor	tang-kor	
rosettaproject_ncm_swadesh-1	ncm	hand	tona-kabakab	tona-kabakab	
rosettaproject_ncm_swadesh-1	ncm	hand	tond-kambul	tond-kambul	
rosettaproject_ncm_swadesh-1	ncm	hand	tond-purbur	tond-purbur	
rosettaproject_ncm_swadesh-1	ncm	hand	tonda	tonda	
rosettaproject_ncm_swadesh-1	ncm	hand	tondo kabakab	tondo kabakab	
rosettaproject_ncm_swadesh-1	ncm	he/she	pe	pe	
rosettaproject_ncm_swadesh-1	ncm	he/she	yanda	yanda	
rosettaproject_ncm_swadesh-1	ncm	he/she	yandi	yandi	
rosettaproject_ncm_swadesh-1	ncm	he/she	yani	yani	
rosettaproject_ncm_swadesh-1	ncm	he/she	yemo(m)	yemo(m)	
rosettaproject_ncm_swadesh-1	ncm	head	mor	mor	
rosettaproject_ncm_swadesh-1	ncm	head	morgwod	morgwod	
rosettaproject_ncm_swadesh-1	ncm	head	moru	moru	
rosettaproject_ncm_swadesh-1	ncm	head	mògwod	mògwod	ò
rosettaproject_ncm_swadesh-1	ncm	hear	edobornar	edobornar	
rosettaproject_ncm_swadesh-1	ncm	hear	edobònar	edobònar	ò
rosettaproject_ncm_swadesh-1	ncm	hear	iayid	iayid	
rosettaproject_ncm_swadesh-1	ncm	hear	iyid	iyid	
rosettaproject_ncm_swadesh-1	ncm	heart	bengababoi	bengababoi	
rosettaproject_ncm_swadesh-1	ncm	heart	beŋababoi	beŋababoi	
rosettaproject_ncm_swadesh-1	ncm	heavy	idawanuda	idawanuda	
rosettaproject_ncm_swadesh-1	ncm	heavy	wokoroda	wokoroda	
rosettaproject_ncm_swadesh-1	ncm	here	gobo	gobo	
rosettaproject_ncm_swadesh-1	ncm	here	somond	somond	
rosettaproject_ncm_swadesh-1	ncm	hit	agod	agod	
rosettaproject_ncm_swadesh-1	ncm	hit	tebumod	tebumod	
rosettaproject_ncm_swadesh-1	ncm	hit	turenda	turenda	
rosettaproject_ncm_swadesh-1	ncm	hole	pel-pele	pel-pele	
rosettaproject_ncm_swadesh-1	ncm	hole	pele	pele	
rosettaproject_ncm_swadesh-1	ncm	hole	pelle	pelle	
rosettaproject_ncm_swadesh-1	ncm	hole	pelpele	pelpele	
rosettaproject_ncm_swadesh-1	ncm	house	mongo	mongo	
rosettaproject_ncm_swadesh-1	ncm	house	moŋo	moŋo	
rosettaproject_ncm_swadesh-1	ncm	how	larnerd	larnerd	
rosettaproject_ncm_swadesh-1	ncm	how	tarnerd	tarnerd	
rosettaproject_ncm_swadesh-1	ncm	husband	(yand) ar	(yand) ar	
rosettaproject_ncm_swadesh-1	ncm	husband	poivog	poivog	
rosettaproject_ncm_swadesh-1	ncm	i	ta	ta	
rosettaproject_ncm_swadesh-1	ncm	i	tarni	tarni	
rosettaproject_ncm_swadesh-1	ncm	i	yond	yond	
rosettaproject_ncm_swadesh-1	ncm	jaw	pedi	pedi	
rosettaproject_ncm_swadesh-1	ncm	kangaroo	wərar	wərar	
rosettaproject_ncm_swadesh-1	ncm	kill	toar	toar	
rosettaproject_ncm_swadesh-1	ncm	kill	yar	yar	
rosettaproject_ncm_swadesh-1	ncm	kill	yaːr	yaːr	
rosettaproject_ncm_swadesh-1	ncm	knee	ter-djiriyang	ter-djiriyang	
rosettaproject_ncm_swadesh-1	ncm	knee	tereǯimor	tered͡ʒimor	
rosettaproject_ncm_swadesh-1	ncm	knee	tero-djimor	tero-djimor	
rosettaproject_ncm_swadesh-1	ncm	know	munya	munya	
rosettaproject_ncm_swadesh-1	ncm	know	munyard	munyard	
rosettaproject_ncm_swadesh-1	ncm	know	muɲabui	muɲabui	
rosettaproject_ncm_swadesh-1	ncm	know	yond munyabi	yond munyabi	
rosettaproject_ncm_swadesh-1	ncm	laugh	kembole	kembole	
rosettaproject_ncm_swadesh-1	ncm	leaf	arau	arau	
rosettaproject_ncm_swadesh-1	ncm	leaf	wil-sab	wil-sab	
rosettaproject_ncm_swadesh-1	ncm	leaf	wil-sabe	wil-sabe	
rosettaproject_ncm_swadesh-1	ncm	leaf	wilsab	wilsab	
rosettaproject_ncm_swadesh-1	ncm	left	angarpadra	angarpadra	
rosettaproject_ncm_swadesh-1	ncm	left	aŋarpadra	aŋarpadra	
rosettaproject_ncm_swadesh-1	ncm	leg	bor-gob	bor-gob	
rosettaproject_ncm_swadesh-1	ncm	leg	keb	keb	
rosettaproject_ncm_swadesh-1	ncm	leg	keːb	keːb	
rosettaproject_ncm_swadesh-1	ncm	lie	mendiwakagom	mendiwakagom	
rosettaproject_ncm_swadesh-1	ncm	lightning	pani-pani	pani-pani	
rosettaproject_ncm_swadesh-1	ncm	lightning	panipani	panipani	
rosettaproject_ncm_swadesh-1	ncm	lip	berem-berem-puru	berem-berem-puru	
rosettaproject_ncm_swadesh-1	ncm	lip	berumber	berumber	
rosettaproject_ncm_swadesh-1	ncm	lip	berumbur	berumbur	
rosettaproject_ncm_swadesh-1	ncm	lip	birbirpon	birbirpon	
rosettaproject_ncm_swadesh-1	ncm	live	nanaju	nanaju	
rosettaproject_ncm_swadesh-1	ncm	live	toreji	toreji	
rosettaproject_ncm_swadesh-1	ncm	live	torje	torje	
rosettaproject_ncm_swadesh-1	ncm	liver	yendom	yendom	
rosettaproject_ncm_swadesh-1	ncm	liver	yondom	yondom	
rosettaproject_ncm_swadesh-1	ncm	long	tobam	tobam	
rosettaproject_ncm_swadesh-1	ncm	long	tumbwam	tumbwam	
rosettaproject_ncm_swadesh-1	ncm	louse	bwe	bwe	
rosettaproject_ncm_swadesh-1	ncm	louse	bwe (?\nit\Õ	bwe (?\nit\Õ	\Õ
rosettaproject_ncm_swadesh-1	ncm	louse	emod	emod	
rosettaproject_ncm_swadesh-1	ncm	louse	emodo	emodo	
rosettaproject_ncm_swadesh-1	ncm	louse	ndu	ndu	
rosettaproject_ncm_swadesh-1	ncm	man	a\ar	a\ar	\
rosettaproject_ncm_swadesh-1	ncm	man	aar	aar	
rosettaproject_ncm_swadesh-1	ncm	man	ar	ar	
rosettaproject_ncm_swadesh-1	ncm	man	tagea	tagea	
rosettaproject_ncm_swadesh-1	ncm	man	yeaowa\ar	yeaowa\ar	\
rosettaproject_ncm_swadesh-1	ncm	many	wörag	wörag	ö
rosettaproject_ncm_swadesh-1	ncm	many	wəraːg	wəraːg	
rosettaproject_ncm_swadesh-1	ncm	meat	dwi-bwi	dwi-bwi	
rosettaproject_ncm_swadesh-1	ncm	meat	dwibwi	dwibwi	
rosettaproject_ncm_swadesh-1	ncm	meat	pibi	pibi	
rosettaproject_ncm_swadesh-1	ncm	moon	tugiu	tugiu	
rosettaproject_ncm_swadesh-1	ncm	morning	abiatog	abiatog	
rosettaproject_ncm_swadesh-1	ncm	morning	yeǯop	yed͡ʒop	
rosettaproject_ncm_swadesh-1	ncm	mosquito	guan	guan	
rosettaproject_ncm_swadesh-1	ncm	mosquito	gwani	gwani	
rosettaproject_ncm_swadesh-1	ncm	mosquito	gwañe	gwaɲe	
rosettaproject_ncm_swadesh-1	ncm	mosquito	gwaɲe	gwaɲe	
rosettaproject_ncm_swadesh-1	ncm	mother	a\am	a\am	\
rosettaproject_ncm_swadesh-1	ncm	mother	aam	aam	
rosettaproject_ncm_swadesh-1	ncm	mother	arm	arm	
rosettaproject_ncm_swadesh-1	ncm	mountain	sebem	sebem	
rosettaproject_ncm_swadesh-1	ncm	mountain	tebem	tebem	
rosettaproject_ncm_swadesh-1	ncm	mountain	tobim	tobim	
rosettaproject_ncm_swadesh-1	ncm	mouth	börbör	börbör	ö
rosettaproject_ncm_swadesh-1	ncm	mouth	bərbər	bərbər	
rosettaproject_ncm_swadesh-1	ncm	mouth	ped	ped	
rosettaproject_ncm_swadesh-1	ncm	name	madodo	madodo	
rosettaproject_ncm_swadesh-1	ncm	name	mundud	mundud	
rosettaproject_ncm_swadesh-1	ncm	navel	lebud	lebud	
rosettaproject_ncm_swadesh-1	ncm	navel	lembud	lembud	
rosettaproject_ncm_swadesh-1	ncm	navel	limbuda	limbuda	
rosettaproject_ncm_swadesh-1	ncm	neck	kenge	kenge	
rosettaproject_ncm_swadesh-1	ncm	neck	keŋe	keŋe	
rosettaproject_ncm_swadesh-1	ncm	neck	kubal	kubal	
rosettaproject_ncm_swadesh-1	ncm	neck	kunge	kunge	
rosettaproject_ncm_swadesh-1	ncm	night	iarembe	iarembe	
rosettaproject_ncm_swadesh-1	ncm	night	seje	seje	
rosettaproject_ncm_swadesh-1	ncm	night	seǯe	sed͡ʒe	
rosettaproject_ncm_swadesh-1	ncm	night	yerimb	yerimb	
rosettaproject_ncm_swadesh-1	ncm	night	yirimb	yirimb	
rosettaproject_ncm_swadesh-1	ncm	nose	mebele	mebele	
rosettaproject_ncm_swadesh-1	ncm	nose	meble	meble	
rosettaproject_ncm_swadesh-1	ncm	nose	mernia	mernia	
rosettaproject_ncm_swadesh-1	ncm	nose	mibele	mibele	
rosettaproject_ncm_swadesh-1	ncm	not	yau	yau	
rosettaproject_ncm_swadesh-1	ncm	old	a\ar tegar	a\ar tegar	\
rosettaproject_ncm_swadesh-1	ncm	old	tandawar	tandawar	
rosettaproject_ncm_swadesh-1	ncm	old	tandawer	tandawer	
rosettaproject_ncm_swadesh-1	ncm	one	ambior	ambior	
rosettaproject_ncm_swadesh-1	ncm	one	ambiur	ambiur	
rosettaproject_ncm_swadesh-1	ncm	one	tedora	tedora	
rosettaproject_ncm_swadesh-1	ncm	other	awemba	awemba	
rosettaproject_ncm_swadesh-1	ncm	pull	tidan	tidan	
rosettaproject_ncm_swadesh-1	ncm	rain	emothi	emothi	
rosettaproject_ncm_swadesh-1	ncm	rain	emot̪i	emot̪i	
rosettaproject_ncm_swadesh-1	ncm	rain	nou	nou	
rosettaproject_ncm_swadesh-1	ncm	rat	tobola	tobola	
rosettaproject_ncm_swadesh-1	ncm	rat	tobolla	tobolla	
rosettaproject_ncm_swadesh-1	ncm	rat	tombol	tombol	
rosettaproject_ncm_swadesh-1	ncm	red	duled	duled	
rosettaproject_ncm_swadesh-1	ncm	red	galungvetagal	galungvetagal	
rosettaproject_ncm_swadesh-1	ncm	red	guluŋvetagal	guluŋvetagal	
rosettaproject_ncm_swadesh-1	ncm	red	gwalurba	gwalurba	
rosettaproject_ncm_swadesh-1	ncm	right	tambele	tambele	
rosettaproject_ncm_swadesh-1	ncm	ripe	komangarem	komangarem	
rosettaproject_ncm_swadesh-1	ncm	ripe	komaŋorem	komaŋorem	
rosettaproject_ncm_swadesh-1	ncm	river	bumbalabi	bumbalabi	
rosettaproject_ncm_swadesh-1	ncm	river	bumbalubi tototogabe	bumbalubi tototogabe	
rosettaproject_ncm_swadesh-1	ncm	river	tetugabe	tetugabe	
rosettaproject_ncm_swadesh-1	ncm	river	totugabwe	totugabwe	
rosettaproject_ncm_swadesh-1	ncm	river	wototogabe	wototogabe	
rosettaproject_ncm_swadesh-1	ncm	road	wadagula	wadagula	
rosettaproject_ncm_swadesh-1	ncm	road	wodagal	wodagal	
rosettaproject_ncm_swadesh-1	ncm	road	wödögolo	wödögolo	ö
rosettaproject_ncm_swadesh-1	ncm	road	wədəgəle	wədəgəle	
rosettaproject_ncm_swadesh-1	ncm	root	teremb	teremb	
rosettaproject_ncm_swadesh-1	ncm	rope	agoda	agoda	
rosettaproject_ncm_swadesh-1	ncm	rope	angoda	angoda	
rosettaproject_ncm_swadesh-1	ncm	rope	arngud	arngud	
rosettaproject_ncm_swadesh-1	ncm	rope	arŋud	arŋud	
rosettaproject_ncm_swadesh-1	ncm	rope	bumbala-biarŋud	bumbala-biarŋud	
rosettaproject_ncm_swadesh-1	ncm	rope	bumbalabiarngud	bumbalabiarngud	
rosettaproject_ncm_swadesh-1	ncm	rope	pendar	pendar	
rosettaproject_ncm_swadesh-1	ncm	rope	tau	tau	
rosettaproject_ncm_swadesh-1	ncm	salt	taboda	taboda	
rosettaproject_ncm_swadesh-1	ncm	salt	tarbud	tarbud	
rosettaproject_ncm_swadesh-1	ncm	sand	goba	goba	
rosettaproject_ncm_swadesh-1	ncm	sand	tredre	tredre	
rosettaproject_ncm_swadesh-1	ncm	say	itsi	itsi	
rosettaproject_ncm_swadesh-1	ncm	say	koria	koria	
rosettaproject_ncm_swadesh-1	ncm	scratch	orodorodom	orodorodom	
rosettaproject_ncm_swadesh-1	ncm	sea	ara-garb	ara-garb	
rosettaproject_ncm_swadesh-1	ncm	sea	cherb	cherb	
rosettaproject_ncm_swadesh-1	ncm	sea	cöb	cöb	ö
rosettaproject_ncm_swadesh-1	ncm	sea	kwobtu-chöb	kwobtu-chöb	ö
rosettaproject_ncm_swadesh-1	ncm	sea	suurb	suurb	
rosettaproject_ncm_swadesh-1	ncm	sea	taboda	taboda	
rosettaproject_ncm_swadesh-1	ncm	sea	čerb	t͡ʃerb	
rosettaproject_ncm_swadesh-1	ncm	sea	čəb	t͡ʃəb	
rosettaproject_ncm_swadesh-1	ncm	see	yindyo	yindyo	
rosettaproject_ncm_swadesh-1	ncm	see	yindyə	yindyə	
rosettaproject_ncm_swadesh-1	ncm	seed	bwea	bwea	
rosettaproject_ncm_swadesh-1	ncm	short	tauamor	tauamor	
rosettaproject_ncm_swadesh-1	ncm	shoulder	chenjod	chenjod	
rosettaproject_ncm_swadesh-1	ncm	shoulder	tomurop	tomurop	
rosettaproject_ncm_swadesh-1	ncm	shoulder	čenod	t͡ʃenod	
rosettaproject_ncm_swadesh-1	ncm	sing	pennubod	pennubod	
rosettaproject_ncm_swadesh-1	ncm	sister	tambir	tambir	
rosettaproject_ncm_swadesh-1	ncm	sister	yambrabo	yambrabo	
rosettaproject_ncm_swadesh-1	ncm	sit	kanjur	kanjur	
rosettaproject_ncm_swadesh-1	ncm	sit	kanǯur	kand͡ʒur	
rosettaproject_ncm_swadesh-1	ncm	sit	nano	nano	
rosettaproject_ncm_swadesh-1	ncm	skin	terim	terim	
rosettaproject_ncm_swadesh-1	ncm	skin	tongal	tongal	
rosettaproject_ncm_swadesh-1	ncm	skin	toŋal	toŋal	
rosettaproject_ncm_swadesh-1	ncm	skin	tungal	tungal	
rosettaproject_ncm_swadesh-1	ncm	sky	dabar	dabar	
rosettaproject_ncm_swadesh-1	ncm	sky	tug	tug	
rosettaproject_ncm_swadesh-1	ncm	sleep	edabel	edabel	
rosettaproject_ncm_swadesh-1	ncm	sleep	edbel	edbel	
rosettaproject_ncm_swadesh-1	ncm	small	limbwa-sabwi	limbwa-sabwi	
rosettaproject_ncm_swadesh-1	ncm	small	lumbalabi	lumbalabi	
rosettaproject_ncm_swadesh-1	ncm	small	wolumlachibi	wolumlachibi	
rosettaproject_ncm_swadesh-1	ncm	smell	pongo	pongo	
rosettaproject_ncm_swadesh-1	ncm	smell	poŋo	poŋo	
rosettaproject_ncm_swadesh-1	ncm	smoke	pentaada	pentaada	
rosettaproject_ncm_swadesh-1	ncm	smoke	tod	tod	
rosettaproject_ncm_swadesh-1	ncm	smoke	tuoda	tuoda	
rosettaproject_ncm_swadesh-1	ncm	snake	kanam	kanam	
rosettaproject_ncm_swadesh-1	ncm	son	pier	pier	
rosettaproject_ncm_swadesh-1	ncm	son	pierr	pierr	
rosettaproject_ncm_swadesh-1	ncm	sour	tabud	tabud	
rosettaproject_ncm_swadesh-1	ncm	spit	berim	berim	
rosettaproject_ncm_swadesh-1	ncm	spit	mend	mend	
rosettaproject_ncm_swadesh-1	ncm	spit	omeld	omeld	
rosettaproject_ncm_swadesh-1	ncm	star	kondo	kondo	
rosettaproject_ncm_swadesh-1	ncm	stick	tur	tur	
rosettaproject_ncm_swadesh-1	ncm	stone	tu\undar	tu\undar	\
rosettaproject_ncm_swadesh-1	ncm	stone	tunda	tunda	
rosettaproject_ncm_swadesh-1	ncm	stone	tundara	tundara	
rosettaproject_ncm_swadesh-1	ncm	stone	unda	unda	
rosettaproject_ncm_swadesh-1	ncm	sun	abara	abara	
rosettaproject_ncm_swadesh-1	ncm	sun	abiad	abiad	
rosettaproject_ncm_swadesh-1	ncm	sun	abiard	abiard	
rosettaproject_ncm_swadesh-1	ncm	sun	abiaːd	abiaːd	
rosettaproject_ncm_swadesh-1	ncm	sun	abwiar	abwiar	
rosettaproject_ncm_swadesh-1	ncm	sun	ebiada	ebiada	
rosettaproject_ncm_swadesh-1	ncm	sun	kongo	kongo	
rosettaproject_ncm_swadesh-1	ncm	sweet	munded	munded	
rosettaproject_ncm_swadesh-1	ncm	swim	pijawa	pijawa	
rosettaproject_ncm_swadesh-1	ncm	swim	piǯawa	pid͡ʒawa	
rosettaproject_ncm_swadesh-1	ncm	tail	kwomba čeb	kwomba t͡ʃeb	
rosettaproject_ncm_swadesh-1	ncm	tail	kwomba-ceb	kwomba-ceb	
rosettaproject_ncm_swadesh-1	ncm	tail	pagar	pagar	
rosettaproject_ncm_swadesh-1	ncm	tail	piriw-jabujab	piriw-jabujab	
rosettaproject_ncm_swadesh-1	ncm	tail	purin ǯabuǯab	purin d͡ʒabud͡ʒab	
rosettaproject_ncm_swadesh-1	ncm	take	togawer	togawer	
rosettaproject_ncm_swadesh-1	ncm	take	totonda	totonda	
rosettaproject_ncm_swadesh-1	ncm	that	inamoni	inamoni	
rosettaproject_ncm_swadesh-1	ncm	that	lei	lei	
rosettaproject_ncm_swadesh-1	ncm	that	leːi	leːi	
rosettaproject_ncm_swadesh-1	ncm	that	yebai	yebai	
rosettaproject_ncm_swadesh-1	ncm	there	desi	desi	
rosettaproject_ncm_swadesh-1	ncm	there	möbele	möbele	ö
rosettaproject_ncm_swadesh-1	ncm	there	məbele	məbele	
rosettaproject_ncm_swadesh-1	ncm	there	wogamma	wogamma	
rosettaproject_ncm_swadesh-1	ncm	they	pe	pe	
rosettaproject_ncm_swadesh-1	ncm	they	pee	pee	
rosettaproject_ncm_swadesh-1	ncm	they	yebe	yebe	
rosettaproject_ncm_swadesh-1	ncm	they	yebender	yebender	
rosettaproject_ncm_swadesh-1	ncm	they	yebum	yebum	
rosettaproject_ncm_swadesh-1	ncm	they two	netumbi	netumbi	
rosettaproject_ncm_swadesh-1	ncm	they two	pe-tumbi	pe-tumbi	
rosettaproject_ncm_swadesh-1	ncm	thick	dimbal	dimbal	
rosettaproject_ncm_swadesh-1	ncm	thigh	piel	piel	
rosettaproject_ncm_swadesh-1	ncm	thigh	piyel	piyel	
rosettaproject_ncm_swadesh-1	ncm	thigh	piyell	piyell	
rosettaproject_ncm_swadesh-1	ncm	thin	pibiobuna	pibiobuna	
rosettaproject_ncm_swadesh-1	ncm	think	ambogobo tarured	ambogobo tarured	
rosettaproject_ncm_swadesh-1	ncm	this	N om	N om	
rosettaproject_ncm_swadesh-1	ncm	this	comond	comond	
rosettaproject_ncm_swadesh-1	ncm	this	sinamon	sinamon	
rosettaproject_ncm_swadesh-1	ncm	this	sinamoni	sinamoni	
rosettaproject_ncm_swadesh-1	ncm	this	um	um	
rosettaproject_ncm_swadesh-1	ncm	this	čomond	t͡ʃomond	
rosettaproject_ncm_swadesh-1	ncm	thou	pie	pie	
rosettaproject_ncm_swadesh-1	ncm	thou	piene	piene	
rosettaproject_ncm_swadesh-1	ncm	thou	piːe	piːe	
rosettaproject_ncm_swadesh-1	ncm	thou	pom	pom	
rosettaproject_ncm_swadesh-1	ncm	thou	pom(o)	pom(o)	
rosettaproject_ncm_swadesh-1	ncm	thou	pomo	pomo	
rosettaproject_ncm_swadesh-1	ncm	thou	tebe	tebe	
rosettaproject_ncm_swadesh-1	ncm	three	lambi	lambi	
rosettaproject_ncm_swadesh-1	ncm	throat	burge	burge	
rosettaproject_ncm_swadesh-1	ncm	throat	kange	kange	
rosettaproject_ncm_swadesh-1	ncm	throat	kaŋamenda	kaŋamenda	
rosettaproject_ncm_swadesh-1	ncm	throat	kaŋe	kaŋe	
rosettaproject_ncm_swadesh-1	ncm	throat	pud	pud	
rosettaproject_ncm_swadesh-1	ncm	thunder	aroga	aroga	
rosettaproject_ncm_swadesh-1	ncm	today	činǯame	t͡ʃind͡ʒame	
rosettaproject_ncm_swadesh-1	ncm	tomorrow	kai	kai	
rosettaproject_ncm_swadesh-1	ncm	tomorrow	kaie	kaie	
rosettaproject_ncm_swadesh-1	ncm	tongue	pelgi	pelgi	
rosettaproject_ncm_swadesh-1	ncm	tongue	pelje	pelje	
rosettaproject_ncm_swadesh-1	ncm	tongue	pelǯe	peld͡ʒe	
rosettaproject_ncm_swadesh-1	ncm	tongue	penji	penji	
rosettaproject_ncm_swadesh-1	ncm	tongue	penǯi	pend͡ʒi	
rosettaproject_ncm_swadesh-1	ncm	tooth	ohi	ohi	
rosettaproject_ncm_swadesh-1	ncm	tooth	tol	tol	
rosettaproject_ncm_swadesh-1	ncm	tooth	tole\e	tole\e	\
rosettaproject_ncm_swadesh-1	ncm	tooth	toːl	toːl	
rosettaproject_ncm_swadesh-1	ncm	tree	uel	uel	
rosettaproject_ncm_swadesh-1	ncm	tree	wei	wei	
rosettaproject_ncm_swadesh-1	ncm	tree	wel	wel	
rosettaproject_ncm_swadesh-1	ncm	tree	wowəle	wowəle	
rosettaproject_ncm_swadesh-1	ncm	tree	wöle	wöle	ö
rosettaproject_ncm_swadesh-1	ncm	two	tumbi	tumbi	
rosettaproject_ncm_swadesh-1	ncm	walk	cinjame	cinjame	
rosettaproject_ncm_swadesh-1	ncm	walk	gam	gam	
rosettaproject_ncm_swadesh-1	ncm	walk	narinda	narinda	
rosettaproject_ncm_swadesh-1	ncm	walk	widan	widan	
rosettaproject_ncm_swadesh-1	ncm	walk	yidan	yidan	
rosettaproject_ncm_swadesh-1	ncm	wallaby	warar	warar	
rosettaproject_ncm_swadesh-1	ncm	warm	tagar	tagar	
rosettaproject_ncm_swadesh-1	ncm	warm	tod	tod	
rosettaproject_ncm_swadesh-1	ncm	warm	toːd	toːd	
rosettaproject_ncm_swadesh-1	ncm	warm	wabodo	wabodo	
rosettaproject_ncm_swadesh-1	ncm	warm	wabud	wabud	
rosettaproject_ncm_swadesh-1	ncm	water	ara-garb	ara-garb	
rosettaproject_ncm_swadesh-1	ncm	water	nou	nou	
rosettaproject_ncm_swadesh-1	ncm	water	nòu	nòu	ò
rosettaproject_ncm_swadesh-1	ncm	we	argabe	argabe	
rosettaproject_ncm_swadesh-1	ncm	we	argobe-milbamudi	argobe-milbamudi	
rosettaproject_ncm_swadesh-1	ncm	we	teba	teba	
rosettaproject_ncm_swadesh-1	ncm	we	tebe	tebe	
rosettaproject_ncm_swadesh-1	ncm	we	tebene	tebene	
rosettaproject_ncm_swadesh-1	ncm	we	yond	yond	
rosettaproject_ncm_swadesh-1	ncm	we two	tebe(-nder)	tebe(-nder)	
rosettaproject_ncm_swadesh-1	ncm	we two	tebene	tebene	
rosettaproject_ncm_swadesh-1	ncm	we two	yondel	yondel	
rosettaproject_ncm_swadesh-1	ncm	we two	yonder	yonder	
rosettaproject_ncm_swadesh-1	ncm	we two (incl.)	tebene	tebene	
rosettaproject_ncm_swadesh-1	ncm	weep	ye	ye	
rosettaproject_ncm_swadesh-1	ncm	weep	yendagam	yendagam	
rosettaproject_ncm_swadesh-1	ncm	what	dema?	dema?	
rosettaproject_ncm_swadesh-1	ncm	what	lan	lan	
rosettaproject_ncm_swadesh-1	ncm	what	lar	lar	
rosettaproject_ncm_swadesh-1	ncm	what	larn	larn	
rosettaproject_ncm_swadesh-1	ncm	when	tarm	tarm	
rosettaproject_ncm_swadesh-1	ncm	where	lai	lai	
rosettaproject_ncm_swadesh-1	ncm	where	tagai	tagai	
rosettaproject_ncm_swadesh-1	ncm	where	togai	togai	
rosettaproject_ncm_swadesh-1	ncm	white	jabrad	jabrad	
rosettaproject_ncm_swadesh-1	ncm	white	jambrad	jambrad	
rosettaproject_ncm_swadesh-1	ncm	white	ǯabrad	d͡ʒabrad	
rosettaproject_ncm_swadesh-1	ncm	white	ǯambrad	d͡ʒambrad	
rosettaproject_ncm_swadesh-1	ncm	who	ebe	ebe	
rosettaproject_ncm_swadesh-1	ncm	who	ebe?	ebe?	
rosettaproject_ncm_swadesh-1	ncm	who	eda?	eda?	
rosettaproject_ncm_swadesh-1	ncm	who	kon(d)a	kon(d)a	
rosettaproject_ncm_swadesh-1	ncm	who	larium?	larium?	
rosettaproject_ncm_swadesh-1	ncm	who	laːrium	laːrium	
rosettaproject_ncm_swadesh-1	ncm	wife	temarb	temarb	
rosettaproject_ncm_swadesh-1	ncm	wife	tomab	tomab	
rosettaproject_ncm_swadesh-1	ncm	wife	təmab	təmab	
rosettaproject_ncm_swadesh-1	ncm	wind	wirlam	wirlam	
rosettaproject_ncm_swadesh-1	ncm	wind	wurlam	wurlam	
rosettaproject_ncm_swadesh-1	ncm	wing	damb	damb	
rosettaproject_ncm_swadesh-1	ncm	woman	mwəeg	mwəeg	
rosettaproject_ncm_swadesh-1	ncm	woman	möëg	möëg	ëö
rosettaproject_ncm_swadesh-1	ncm	woman	temarb	temarb	
rosettaproject_ncm_swadesh-1	ncm	woman	tomaben-um	tomaben-um	
rosettaproject_ncm_swadesh-1	ncm	wood	milga-penda	milga-penda	
rosettaproject_ncm_swadesh-1	ncm	wood	milgapend	milgapend	
rosettaproject_ncm_swadesh-1	ncm	wood	wəle	wəle	
rosettaproject_ncm_swadesh-1	ncm	year	yeža	yeʒa	
rosettaproject_ncm_swadesh-1	ncm	yellow	dumbaiad	dumbaiad	
rosettaproject_ncm_swadesh-1	ncm	yellow	jambarda-tangal	jambarda-tangal	
rosettaproject_ncm_swadesh-1	ncm	yellow	ǯambarda taŋal	d͡ʒambarda taŋal	
rosettaproject_ncm_swadesh-1	ncm	yes	a\au	a\au	\
rosettaproject_ncm_swadesh-1	ncm	yes	au	au	
rosettaproject_ncm_swadesh-1	ncm	yesterday	awakungajar	awakungajar	
rosettaproject_ncm_swadesh-1	ncm	yesterday	awakuŋaǯar	awakuŋad͡ʒar	
rosettaproject_ncm_swadesh-1	ncm	you	armilbamudi	armilbamudi	
rosettaproject_ncm_swadesh-1	ncm	you	jebe	jebe	
rosettaproject_ncm_swadesh-1	ncm	you	pebe	pebe	
rosettaproject_ncm_swadesh-1	ncm	you	piene	piene	
rosettaproject_ncm_swadesh-1	ncm	you	po-milbamudi	po-milbamudi	
rosettaproject_ncm_swadesh-1	ncm	you	pom	pom	
rosettaproject_ncm_swadesh-1	ncm	you	tebe	tebe	
rosettaproject_ncm_swadesh-1	ncm	you two	pebene	pebene	
rosettaproject_ncm_swadesh-1	ncm	you two	peber	peber	
rosettaproject_ncm_swadesh-1	ncm	you two	pompom	pompom	
rosettaproject_nen_swadesh-1	nen	all	nodei	nodei	
rosettaproject_nen_swadesh-1	nen	and	ka	ka	
rosettaproject_nen_swadesh-1	nen	animal	guaŋod	guaŋod	
rosettaproject_nen_swadesh-1	nen	ashes	čekol	t͡ʃekol	
rosettaproject_nen_swadesh-1	nen	back	čō	t͡ʃō	ō
rosettaproject_nen_swadesh-1	nen	bad	nia	nia	
rosettaproject_nen_swadesh-1	nen	bark	nenun	nenun	
rosettaproject_nen_swadesh-1	nen	because	weno	weno	
rosettaproject_nen_swadesh-1	nen	belly	ete	ete	
rosettaproject_nen_swadesh-1	nen	bird	iaded	iaded	
rosettaproject_nen_swadesh-1	nen	bite	kuze	kuze	
rosettaproject_nen_swadesh-1	nen	black	ḍiḍi	ḍiḍi	ḍ
rosettaproject_nen_swadesh-1	nen	blood	ḍa	ḍa	ḍ
rosettaproject_nen_swadesh-1	nen	blow	uti	uti	
rosettaproject_nen_swadesh-1	nen	bone	dun	dun	
rosettaproject_nen_swadesh-1	nen	breast	mimi	mimi	
rosettaproject_nen_swadesh-1	nen	breathe	n̥on̥o	n̥on̥o	
rosettaproject_nen_swadesh-1	nen	burn	θenon	θenon	
rosettaproject_nen_swadesh-1	nen	child	morowe	morowe	
rosettaproject_nen_swadesh-1	nen	cloud	yeʔawe	yeʔawe	
rosettaproject_nen_swadesh-1	nen	cold	čeon	t͡ʃeon	
rosettaproject_nen_swadesh-1	nen	come	pina	pina	
rosettaproject_nen_swadesh-1	nen	correct	seseko	seseko	
rosettaproject_nen_swadesh-1	nen	count	ieie	ieie	
rosettaproject_nen_swadesh-1	nen	cut	θa	θa	
rosettaproject_nen_swadesh-1	nen	die	net	net	
rosettaproject_nen_swadesh-1	nen	dig	kin(i)	kin(i)	
rosettaproject_nen_swadesh-1	nen	dirty	eon	eon	
rosettaproject_nen_swadesh-1	nen	dog	pailai	pailai	
rosettaproject_nen_swadesh-1	nen	drink	kua	kua	
rosettaproject_nen_swadesh-1	nen	dry	papa	papa	
rosettaproject_nen_swadesh-1	nen	dull	čabaŋ	t͡ʃabaŋ	
rosettaproject_nen_swadesh-1	nen	dust	aerawa	aerawa	
rosettaproject_nen_swadesh-1	nen	ear	wabaiwa	wabaiwa	
rosettaproject_nen_swadesh-1	nen	earth	ḍo	ḍo	ḍ
rosettaproject_nen_swadesh-1	nen	eye	waegogo	waegogo	
rosettaproject_nen_swadesh-1	nen	fall	-kapusi	-kapusi	
rosettaproject_nen_swadesh-1	nen	far	iθua	iθua	
rosettaproject_nen_swadesh-1	nen	fat (n.)	dirič	dirit͡ʃ	
rosettaproject_nen_swadesh-1	nen	father	čečen	t͡ʃet͡ʃen	
rosettaproject_nen_swadesh-1	nen	fear	pareu	pareu	
rosettaproject_nen_swadesh-1	nen	few	wakaredo	wakaredo	
rosettaproject_nen_swadesh-1	nen	fingernail	newanin	newanin	
rosettaproject_nen_swadesh-1	nen	fire	yabi	yabi	
rosettaproject_nen_swadesh-1	nen	fish	waʔie	waʔie	
rosettaproject_nen_swadesh-1	nen	five	sedoŋ	sedoŋ	
rosettaproject_nen_swadesh-1	nen	float	manid	manid	
rosettaproject_nen_swadesh-1	nen	flow	la	la	
rosettaproject_nen_swadesh-1	nen	flower	aŋasereie	aŋasereie	
rosettaproject_nen_swadesh-1	nen	fly (v.)	dede	dede	
rosettaproject_nen_swadesh-1	nen	fog	kalekal	kalekal	
rosettaproject_nen_swadesh-1	nen	foot	wata	wata	
rosettaproject_nen_swadesh-1	nen	forest	wočeḍan	wot͡ʃeḍan	ḍ
rosettaproject_nen_swadesh-1	nen	four	eče	et͡ʃe	
rosettaproject_nen_swadesh-1	nen	fruit	aŋaore	aŋaore	
rosettaproject_nen_swadesh-1	nen	full	punič	punit͡ʃ	
rosettaproject_nen_swadesh-1	nen	give	kano(n)	kano(n)	
rosettaproject_nen_swadesh-1	nen	good	roi	roi	
rosettaproject_nen_swadesh-1	nen	grass	gewoč	gewot͡ʃ	
rosettaproject_nen_swadesh-1	nen	green	mečiwe	met͡ʃiwe	
rosettaproject_nen_swadesh-1	nen	guts	čereθan	t͡ʃereθan	
rosettaproject_nen_swadesh-1	nen	hair	direhawo	direhawo	
rosettaproject_nen_swadesh-1	nen	hand	nin	nin	
rosettaproject_nen_swadesh-1	nen	he	bon	bon	
rosettaproject_nen_swadesh-1	nen	head	hawo	hawo	
rosettaproject_nen_swadesh-1	nen	hear	taeḍeŋi	taeḍeŋi	ḍ
rosettaproject_nen_swadesh-1	nen	heart	n̥or	n̥or	
rosettaproject_nen_swadesh-1	nen	heavy	nure	nure	
rosettaproject_nen_swadesh-1	nen	hit	čaʔataŋoni	t͡ʃaʔataŋoni	
rosettaproject_nen_swadesh-1	nen	horn	tutun	tutun	
rosettaproject_nen_swadesh-1	nen	how	koiwan(e)	koiwan(e)	
rosettaproject_nen_swadesh-1	nen	husband	čam̥anien	t͡ʃam̥anien	
rosettaproject_nen_swadesh-1	nen	i	inu	inu	
rosettaproject_nen_swadesh-1	nen	if	ma	ma	
rosettaproject_nen_swadesh-1	nen	in	ri	ri	
rosettaproject_nen_swadesh-1	nen	kill	ataŋoni	ataŋoni	
rosettaproject_nen_swadesh-1	nen	knee	kared(i)	kared(i)	
rosettaproject_nen_swadesh-1	nen	know	ule	ule	
rosettaproject_nen_swadesh-1	nen	lake	gučele	gut͡ʃele	
rosettaproject_nen_swadesh-1	nen	large	m̥a	m̥a	
rosettaproject_nen_swadesh-1	nen	laugh	n̥uma	n̥uma	
rosettaproject_nen_swadesh-1	nen	leaf	runen	runen	
rosettaproject_nen_swadesh-1	nen	left	ŋoroṇi	ŋoroṇi	ṇ
rosettaproject_nen_swadesh-1	nen	leg	tan	tan	
rosettaproject_nen_swadesh-1	nen	lie	θaeti	θaeti	
rosettaproject_nen_swadesh-1	nen	live	roi	roi	
rosettaproject_nen_swadesh-1	nen	liver	guat	guat	
rosettaproject_nen_swadesh-1	nen	long	iweiai	iweiai	
rosettaproject_nen_swadesh-1	nen	louse	ote	ote	
rosettaproject_nen_swadesh-1	nen	man	ŋom(e)	ŋom(e)	
rosettaproject_nen_swadesh-1	nen	many	ačala	at͡ʃala	
rosettaproject_nen_swadesh-1	nen	meat	guia	guia	
rosettaproject_nen_swadesh-1	nen	moon	čekol	t͡ʃekol	
rosettaproject_nen_swadesh-1	nen	mother	m̥aien	m̥aien	
rosettaproject_nen_swadesh-1	nen	mountain	weč	wet͡ʃ	
rosettaproject_nen_swadesh-1	nen	mouth	yepeh	yepeh	
rosettaproject_nen_swadesh-1	nen	name	yelen	yelen	
rosettaproject_nen_swadesh-1	nen	narrow	waʔami re zaŋan	waʔami re zaŋan	
rosettaproject_nen_swadesh-1	nen	near	m̥ūla	m̥ūla	ū
rosettaproject_nen_swadesh-1	nen	neck	gureθo	gureθo	
rosettaproject_nen_swadesh-1	nen	new	kabe	kabe	
rosettaproject_nen_swadesh-1	nen	night	riḍi	riḍi	ḍ
rosettaproject_nen_swadesh-1	nen	nose	gupied	gupied	
rosettaproject_nen_swadesh-1	nen	old	gumom̥a	gumom̥a	
rosettaproject_nen_swadesh-1	nen	one	sa	sa	
rosettaproject_nen_swadesh-1	nen	person	ŋom(e)	ŋom(e)	
rosettaproject_nen_swadesh-1	nen	play	eleda	eleda	
rosettaproject_nen_swadesh-1	nen	pull	uši	uʃi	
rosettaproject_nen_swadesh-1	nen	push	puze	puze	
rosettaproject_nen_swadesh-1	nen	rain	dua	dua	
rosettaproject_nen_swadesh-1	nen	red	ḍičaḍiča	ḍit͡ʃaḍit͡ʃa	ḍ
rosettaproject_nen_swadesh-1	nen	right	nata	nata	
rosettaproject_nen_swadesh-1	nen	river	karačele	karat͡ʃele	
rosettaproject_nen_swadesh-1	nen	road	len	len	
rosettaproject_nen_swadesh-1	nen	root	weresereie	weresereie	
rosettaproject_nen_swadesh-1	nen	rope	n̥awose	n̥awose	
rosettaproject_nen_swadesh-1	nen	rotten	momoč	momot͡ʃ	
rosettaproject_nen_swadesh-1	nen	round	waela	waela	
rosettaproject_nen_swadesh-1	nen	rub	tʰiri	tʰiri	
rosettaproject_nen_swadesh-1	nen	salt	alase	alase	
rosettaproject_nen_swadesh-1	nen	sand	gunin	gunin	
rosettaproject_nen_swadesh-1	nen	say	ie	ie	
rosettaproject_nen_swadesh-1	nen	sea	čele	t͡ʃele	
rosettaproject_nen_swadesh-1	nen	seed	čačawin	t͡ʃat͡ʃawin	
rosettaproject_nen_swadesh-1	nen	sew	yese	yese	
rosettaproject_nen_swadesh-1	nen	sharp	neičie(n)	neit͡ʃie(n)	
rosettaproject_nen_swadesh-1	nen	short	gukokod	gukokod	
rosettaproject_nen_swadesh-1	nen	sing	eran	eran	
rosettaproject_nen_swadesh-1	nen	sit	meneŋ	meneŋ	
rosettaproject_nen_swadesh-1	nen	skin	nenun	nenun	
rosettaproject_nen_swadesh-1	nen	sky	awe	awe	
rosettaproject_nen_swadesh-1	nen	sleep	θaeti	θaeti	
rosettaproject_nen_swadesh-1	nen	small	waʔami	waʔami	
rosettaproject_nen_swadesh-1	nen	smell	bo(n)	bo(n)	
rosettaproject_nen_swadesh-1	nen	smoke	kali	kali	
rosettaproject_nen_swadesh-1	nen	smooth	kuarori	kuarori	
rosettaproject_nen_swadesh-1	nen	snake	une	une	
rosettaproject_nen_swadesh-1	nen	some	kosoten	kosoten	
rosettaproject_nen_swadesh-1	nen	spit	kadeu	kadeu	
rosettaproject_nen_swadesh-1	nen	split	kedi	kedi	
rosettaproject_nen_swadesh-1	nen	stand	ser(e)	ser(e)	
rosettaproject_nen_swadesh-1	nen	star	waǰekol	wad͡ʒekol	
rosettaproject_nen_swadesh-1	nen	stick	guto	guto	
rosettaproject_nen_swadesh-1	nen	straight	netiti	netiti	
rosettaproject_nen_swadesh-1	nen	suck	kuamimì	kuamimì	ì
rosettaproject_nen_swadesh-1	nen	sun	du	du	
rosettaproject_nen_swadesh-1	nen	tail	wabun	wabun	
rosettaproject_nen_swadesh-1	nen	they	buič	buit͡ʃ	
rosettaproject_nen_swadesh-1	nen	thin	ami	ami	
rosettaproject_nen_swadesh-1	nen	think	nanoa	nanoa	
rosettaproject_nen_swadesh-1	nen	thou	bo	bo	
rosettaproject_nen_swadesh-1	nen	thou	bun̥iǰ	bun̥id͡ʒ	
rosettaproject_nen_swadesh-1	nen	three	ten	ten	
rosettaproject_nen_swadesh-1	nen	throw	čedon	t͡ʃedon	
rosettaproject_nen_swadesh-1	nen	tie	wose	wose	
rosettaproject_nen_swadesh-1	nen	tongue	čadaneŋoč	t͡ʃadaneŋot͡ʃ	
rosettaproject_nen_swadesh-1	nen	tooth	yege	yege	
rosettaproject_nen_swadesh-1	nen	tree	sereie	sereie	
rosettaproject_nen_swadesh-1	nen	turn	auleleni	auleleni	
rosettaproject_nen_swadesh-1	nen	two	rewe	rewe	
rosettaproject_nen_swadesh-1	nen	vomit	niǰa	nid͡ʒa	
rosettaproject_nen_swadesh-1	nen	warm	pho	pho	
rosettaproject_nen_swadesh-1	nen	wet	čaibi	t͡ʃaibi	
rosettaproject_nen_swadesh-1	nen	what	ŋe	ŋe	
rosettaproject_nen_swadesh-1	nen	when	oḍael	oḍael	ḍ
rosettaproject_nen_swadesh-1	nen	which	ŋeŋo	ŋeŋo	
rosettaproject_nen_swadesh-1	nen	white	gada	gada	
rosettaproject_nen_swadesh-1	nen	who	la	la	
rosettaproject_nen_swadesh-1	nen	why	se ŋe	se ŋe	
rosettaproject_nen_swadesh-1	nen	wide	m̥arezaŋan	m̥arezaŋan	
rosettaproject_nen_swadesh-1	nen	wife	m̥enuen	m̥enuen	
rosettaproject_nen_swadesh-1	nen	wind	n̥ayeŋo	n̥ayeŋo	
rosettaproject_nen_swadesh-1	nen	wing	kataʔad	kataʔad	
rosettaproject_nen_swadesh-1	nen	woman	m̥enew(e)	m̥enew(e)	
rosettaproject_nen_swadesh-1	nen	worm	enid	enid	
rosettaproject_nen_swadesh-1	nen	wrong	giḍo	giḍo	ḍ
rosettaproject_nen_swadesh-1	nen	year	wakoko	wakoko	
rosettaproject_nen_swadesh-1	nen	yellow	wineḍe	wineḍe	ḍ
rosettaproject_oua_swadesh-1	oua	all	gaː	gaː	
rosettaproject_oua_swadesh-1	oua	all	koul	koul	
rosettaproject_oua_swadesh-1	oua	animal	ezzailet	ezzailet	
rosettaproject_oua_swadesh-1	oua	ankle	adouf	adouf	
rosettaproject_oua_swadesh-1	oua	ankle	takabet	takabet	
rosettaproject_oua_swadesh-1	oua	arm	ar\il	ar\il	\
rosettaproject_oua_swadesh-1	oua	bad	ouštim	ouʃtim	
rosettaproject_oua_swadesh-1	oua	because	biha	biha	
rosettaproject_oua_swadesh-1	oua	belly	adan	adan	
rosettaproject_oua_swadesh-1	oua	big	amk\ran	amk\ran	\
rosettaproject_oua_swadesh-1	oua	bird	ažd̪id̪	aʒd̪id̪	
rosettaproject_oua_swadesh-1	oua	bird	ažḍiḍ	aʒḍiḍ	ḍ
rosettaproject_oua_swadesh-1	oua	bite	effez	effez	
rosettaproject_oua_swadesh-1	oua	bite	r\ezz	r\ezz	\
rosettaproject_oua_swadesh-1	oua	bitter	miðrai	miðrai	
rosettaproject_oua_swadesh-1	oua	black	dal	dal	
rosettaproject_oua_swadesh-1	oua	blood	idamen	idamen	
rosettaproject_oua_swadesh-1	oua	blow	soud̪	soud̪	
rosettaproject_oua_swadesh-1	oua	boy	aðefli	aðefli	
rosettaproject_oua_swadesh-1	oua	breast	if	if	
rosettaproject_oua_swadesh-1	oua	brother	uma	uma	
rosettaproject_oua_swadesh-1	oua	burn	err\	err\	\
rosettaproject_oua_swadesh-1	oua	cheek	abek\k\a	abek\k\a	\
rosettaproject_oua_swadesh-1	oua	cheek	aggai	aggai	
rosettaproject_oua_swadesh-1	oua	child	ad̪fli	ad̪fli	
rosettaproject_oua_swadesh-1	oua	child	aizou	aizou	
rosettaproject_oua_swadesh-1	oua	cold	açemmad̪	açemmad̪	
rosettaproject_oua_swadesh-1	oua	come	as	as	
rosettaproject_oua_swadesh-1	oua	cut	ebbi	ebbi	
rosettaproject_oua_swadesh-1	oua	daughter	illi	illi	
rosettaproject_oua_swadesh-1	oua	day	as	as	
rosettaproject_oua_swadesh-1	oua	die	emmet	emmet	
rosettaproject_oua_swadesh-1	oua	dog	aidi	aidi	
rosettaproject_oua_swadesh-1	oua	drink	sou	sou	
rosettaproject_oua_swadesh-1	oua	dry	ekk\or	ekk\or	\
rosettaproject_oua_swadesh-1	oua	ear	tamǯit	tamd͡ʒit	
rosettaproject_oua_swadesh-1	oua	eat	ešš	eʃʃ	
rosettaproject_oua_swadesh-1	oua	eye	tit\	tit\	\
rosettaproject_oua_swadesh-1	oua	face	oudem	oudem	
rosettaproject_oua_swadesh-1	oua	fall	oud̪a	oud̪a	
rosettaproject_oua_swadesh-1	oua	far	lba\id	lba\id	\
rosettaproject_oua_swadesh-1	oua	fat (n.)	tadount	tadount	
rosettaproject_oua_swadesh-1	oua	father	baba	baba	
rosettaproject_oua_swadesh-1	oua	fear	egged	egged	
rosettaproject_oua_swadesh-1	oua	feather	tboulboult	tboulboult	
rosettaproject_oua_swadesh-1	oua	few	drous	drous	
rosettaproject_oua_swadesh-1	oua	fight	nour\	nour\	\
rosettaproject_oua_swadesh-1	oua	finger	tifdent	tifdent	
rosettaproject_oua_swadesh-1	oua	fingernail	aššar	aʃʃar	
rosettaproject_oua_swadesh-1	oua	fire	timsi	timsi	
rosettaproject_oua_swadesh-1	oua	five	xmsa	xmsa	
rosettaproject_oua_swadesh-1	oua	fly (n.)	izi	izi	
rosettaproject_oua_swadesh-1	oua	fly (n.)	əhi	əhi	
rosettaproject_oua_swadesh-1	oua	fly (v.)	akər	akər	
rosettaproject_oua_swadesh-1	oua	fly (v.)	ufer	ufer	
rosettaproject_oua_swadesh-1	oua	foot	d̪ar	d̪ar	
rosettaproject_oua_swadesh-1	oua	foot	ḍar	ḍar	ḍ
rosettaproject_oua_swadesh-1	oua	forest	asr\ar	asr\ar	\
rosettaproject_oua_swadesh-1	oua	four	iba	iba	
rosettaproject_oua_swadesh-1	oua	give	ouš	ouʃ	
rosettaproject_oua_swadesh-1	oua	good	aouwd\adi	aouwd\adi	\
rosettaproject_oua_swadesh-1	oua	grass	touga	touga	
rosettaproject_oua_swadesh-1	oua	green	azizaou	azizaou	
rosettaproject_oua_swadesh-1	oua	hair	zaff	zaff	
rosettaproject_oua_swadesh-1	oua	hand	eraou	eraou	
rosettaproject_oua_swadesh-1	oua	hand	fous	fous	
rosettaproject_oua_swadesh-1	oua	he/she	netta	netta	
rosettaproject_oua_swadesh-1	oua	he/she	nettat	nettat	
rosettaproject_oua_swadesh-1	oua	he/she	˗es	˗es	
rosettaproject_oua_swadesh-1	oua	he/she	˗s	˗s	
rosettaproject_oua_swadesh-1	oua	he/she	˗t	˗t	
rosettaproject_oua_swadesh-1	oua	he/she	˗tet	˗tet	
rosettaproject_oua_swadesh-1	oua	head	ixef	ixef	
rosettaproject_oua_swadesh-1	oua	hear	sell	sell	
rosettaproject_oua_swadesh-1	oua	heart	oul	oul	
rosettaproject_oua_swadesh-1	oua	heavy	izzi	izzi	
rosettaproject_oua_swadesh-1	oua	here	da	da	
rosettaproject_oua_swadesh-1	oua	hole	afri	afri	
rosettaproject_oua_swadesh-1	oua	hole	axbou	axbou	
rosettaproject_oua_swadesh-1	oua	horn	aššaou	aʃʃaou	
rosettaproject_oua_swadesh-1	oua	house	taddart	taddart	
rosettaproject_oua_swadesh-1	oua	how	matta	matta	
rosettaproject_oua_swadesh-1	oua	i	i	i	
rosettaproject_oua_swadesh-1	oua	i	ii	ii	
rosettaproject_oua_swadesh-1	oua	i	neš	neʃ	
rosettaproject_oua_swadesh-1	oua	i	neššin	neʃʃin	
rosettaproject_oua_swadesh-1	oua	i	˗iou	˗iou	
rosettaproject_oua_swadesh-1	oua	ice	ažres	aʒres	
rosettaproject_oua_swadesh-1	oua	if	matta	matta	
rosettaproject_oua_swadesh-1	oua	in	žaž	ʒaʒ	
rosettaproject_oua_swadesh-1	oua	kill	enr\	enr\	\
rosettaproject_oua_swadesh-1	oua	knee	a\abbou	a\abbou	\
rosettaproject_oua_swadesh-1	oua	knee	foudd	foudd	
rosettaproject_oua_swadesh-1	oua	know	essen	essen	
rosettaproject_oua_swadesh-1	oua	laugh	d̪ess	d̪ess	
rosettaproject_oua_swadesh-1	oua	leaf	tifrit	tifrit	
rosettaproject_oua_swadesh-1	oua	lie	brekk	brekk	
rosettaproject_oua_swadesh-1	oua	lip	anzar	anzar	
rosettaproject_oua_swadesh-1	oua	live	edder	edder	
rosettaproject_oua_swadesh-1	oua	liver	tesa	tesa	
rosettaproject_oua_swadesh-1	oua	louse	tillit	tillit	
rosettaproject_oua_swadesh-1	oua	man	argaz	argaz	
rosettaproject_oua_swadesh-1	oua	meat	aisum	aisum	
rosettaproject_oua_swadesh-1	oua	moon	taziri	taziri	
rosettaproject_oua_swadesh-1	oua	mother	nanna	nanna	
rosettaproject_oua_swadesh-1	oua	mouth	imi	imi	
rosettaproject_oua_swadesh-1	oua	name	isem	isem	
rosettaproject_oua_swadesh-1	oua	navel	tmiat	tmiat	
rosettaproject_oua_swadesh-1	oua	neck	iri	iri	
rosettaproject_oua_swadesh-1	oua	night	iḍ	iḍ	ḍ
rosettaproject_oua_swadesh-1	oua	nose	tinzert	tinzert	
rosettaproject_oua_swadesh-1	oua	not	ou	ou	
rosettaproject_oua_swadesh-1	oua	one	iggen	iggen	
rosettaproject_oua_swadesh-1	oua	one	igget	igget	
rosettaproject_oua_swadesh-1	oua	other	iðiðen	iðiðen	
rosettaproject_oua_swadesh-1	oua	play	irar	irar	
rosettaproject_oua_swadesh-1	oua	pull	žbed	ʒbed	
rosettaproject_oua_swadesh-1	oua	push	dleh\	dleh\	\
rosettaproject_oua_swadesh-1	oua	rain	amzar	amzar	
rosettaproject_oua_swadesh-1	oua	rat	akərda	akərda	
rosettaproject_oua_swadesh-1	oua	rat	ar\er\da	ar\er\da	\
rosettaproject_oua_swadesh-1	oua	red	azeggar\	azeggar\	\
rosettaproject_oua_swadesh-1	oua	right	anfousi	anfousi	
rosettaproject_oua_swadesh-1	oua	river	ioued	ioued	
rosettaproject_oua_swadesh-1	oua	road	abrid	abrid	
rosettaproject_oua_swadesh-1	oua	rope	ir\an	ir\an	\
rosettaproject_oua_swadesh-1	oua	sand	izədi	izədi	
rosettaproject_oua_swadesh-1	oua	say	ini	ini	
rosettaproject_oua_swadesh-1	oua	say	mel	mel	
rosettaproject_oua_swadesh-1	oua	say	siwəl	siwəl	
rosettaproject_oua_swadesh-1	oua	see	zer	zer	
rosettaproject_oua_swadesh-1	oua	seed	lh\bet	lh\bet	\
rosettaproject_oua_swadesh-1	oua	sew	ɲi	ɲi	
rosettaproject_oua_swadesh-1	oua	short	ak\ezzoul	ak\ezzoul	\
rosettaproject_oua_swadesh-1	oua	sing	edden	edden	
rosettaproject_oua_swadesh-1	oua	sister	outma	outma	
rosettaproject_oua_swadesh-1	oua	skin	aglim	aglim	
rosettaproject_oua_swadesh-1	oua	sky	aženna	aʒenna	
rosettaproject_oua_swadesh-1	oua	sleep	nouddem	nouddem	
rosettaproject_oua_swadesh-1	oua	small	akdid	akdid	
rosettaproject_oua_swadesh-1	oua	small	akšiš	akʃiʃ	
rosettaproject_oua_swadesh-1	oua	smooth	lses	lses	
rosettaproject_oua_swadesh-1	oua	snake	fir\er	fir\er	\
rosettaproject_oua_swadesh-1	oua	son	emmi	emmi	
rosettaproject_oua_swadesh-1	oua	sour	asommam	asommam	
rosettaproject_oua_swadesh-1	oua	spit	ouzou	ouzou	
rosettaproject_oua_swadesh-1	oua	squeeze	zemm	zemm	
rosettaproject_oua_swadesh-1	oua	stand	bedd	bedd	
rosettaproject_oua_swadesh-1	oua	stone	adr\ar\	adr\ar\	\
rosettaproject_oua_swadesh-1	oua	sun	tfit	tfit	
rosettaproject_oua_swadesh-1	oua	tail	t\azemd̪it	t\azemd̪it	\
rosettaproject_oua_swadesh-1	oua	take	ebbi	ebbi	
rosettaproject_oua_swadesh-1	oua	that	inin	inin	
rosettaproject_oua_swadesh-1	oua	that	oun	oun	
rosettaproject_oua_swadesh-1	oua	that	tinin	tinin	
rosettaproject_oua_swadesh-1	oua	there	din	din	
rosettaproject_oua_swadesh-1	oua	they	netnin(ti)	netnin(ti)	
rosettaproject_oua_swadesh-1	oua	they	˗nsen	˗nsen	
rosettaproject_oua_swadesh-1	oua	they	˗nsent	˗nsent	
rosettaproject_oua_swadesh-1	oua	they	˗ten (in)	˗ten (in)	
rosettaproject_oua_swadesh-1	oua	they	˗tent (int)	˗tent (int)	
rosettaproject_oua_swadesh-1	oua	thick	ziouer	ziouer	
rosettaproject_oua_swadesh-1	oua	thigh	tar\ma	tar\ma	\
rosettaproject_oua_swadesh-1	oua	thin	zded	zded	
rosettaproject_oua_swadesh-1	oua	think	hez	hez	
rosettaproject_oua_swadesh-1	oua	this	ou	ou	
rosettaproject_oua_swadesh-1	oua	this	tou	tou	
rosettaproject_oua_swadesh-1	oua	thou	šek(kin)	ʃek(kin)	
rosettaproject_oua_swadesh-1	oua	thou	šem(min)	ʃem(min)	
rosettaproject_oua_swadesh-1	oua	thou	˗ak	˗ak	
rosettaproject_oua_swadesh-1	oua	thou	˗am	˗am	
rosettaproject_oua_swadesh-1	oua	thou	˗ek	˗ek	
rosettaproject_oua_swadesh-1	oua	thou	˗em	˗em	
rosettaproject_oua_swadesh-1	oua	thou	˗k	˗k	
rosettaproject_oua_swadesh-1	oua	thou	˗m	˗m	
rosettaproject_oua_swadesh-1	oua	three	šarət	ʃarət	
rosettaproject_oua_swadesh-1	oua	throat	tak\oužamt	tak\ouʒamt	\
rosettaproject_oua_swadesh-1	oua	throw	zroued̪	zroued̪	
rosettaproject_oua_swadesh-1	oua	tie	ek\k\en	ek\k\en	\
rosettaproject_oua_swadesh-1	oua	today	assou	assou	
rosettaproject_oua_swadesh-1	oua	tomorrow	ašša	aʃʃa	
rosettaproject_oua_swadesh-1	oua	tongue	iles	iles	
rosettaproject_oua_swadesh-1	oua	tooth	tir\mest	tir\mest	\
rosettaproject_oua_swadesh-1	oua	turn	berrem	berrem	
rosettaproject_oua_swadesh-1	oua	two	sen(t)	sen(t)	
rosettaproject_oua_swadesh-1	oua	vagina	ah\bouš	ah\bouʃ	\
rosettaproject_oua_swadesh-1	oua	walk	azel	azel	
rosettaproject_oua_swadesh-1	oua	walk	bhez	bhez	
rosettaproject_oua_swadesh-1	oua	walk	igour	igour	
rosettaproject_oua_swadesh-1	oua	walk	zoua	zoua	
rosettaproject_oua_swadesh-1	oua	water	aman	aman	
rosettaproject_oua_swadesh-1	oua	we	nešnin(ti)	neʃnin(ti)	
rosettaproject_oua_swadesh-1	oua	we	˗ana	˗ana	
rosettaproject_oua_swadesh-1	oua	we	˗nna	˗nna	
rosettaproject_oua_swadesh-1	oua	weep	amt\ra	amt\ra	\
rosettaproject_oua_swadesh-1	oua	weep	rou	rou	
rosettaproject_oua_swadesh-1	oua	wet	ebzeg	ebzeg	
rosettaproject_oua_swadesh-1	oua	what	ma˗	ma˗	
rosettaproject_oua_swadesh-1	oua	when	melmi	melmi	
rosettaproject_oua_swadesh-1	oua	where	mani	mani	
rosettaproject_oua_swadesh-1	oua	white	amellal	amellal	
rosettaproject_oua_swadesh-1	oua	who	mammou	mammou	
rosettaproject_oua_swadesh-1	oua	wind	aðou	aðou	
rosettaproject_oua_swadesh-1	oua	wind	aḍu	aḍu	ḍ
rosettaproject_oua_swadesh-1	oua	wipe	çfed̪	çfed̪	
rosettaproject_oua_swadesh-1	oua	with	d˗	d˗	
rosettaproject_oua_swadesh-1	oua	woman	tamet\t\out	tamet\t\out	\
rosettaproject_oua_swadesh-1	oua	wood	ar\enža	ar\enʒa	\
rosettaproject_oua_swadesh-1	oua	wood	tar\etta	tar\etta	\
rosettaproject_oua_swadesh-1	oua	worm	tagešša	tageʃʃa	
rosettaproject_oua_swadesh-1	oua	year	aseggas	aseggas	
rosettaproject_oua_swadesh-1	oua	yellow	aourar\	aourar\	\
rosettaproject_oua_swadesh-1	oua	yesterday	asennat\	asennat\	\
rosettaproject_oua_swadesh-1	oua	you	šeknim(ti)	ʃeknim(ti)	
rosettaproject_oua_swadesh-1	oua	you	˗akoum	˗akoum	
rosettaproject_oua_swadesh-1	oua	you	˗akoumt	˗akoumt	
rosettaproject_oua_swadesh-1	oua	you	˗nkoum	˗nkoum	
rosettaproject_oua_swadesh-1	oua	you	˗nkoumt	˗nkoumt	
rosettaproject_thv_swadesh-1	thv	and	d	d	
rosettaproject_thv_swadesh-1	thv	and	ed	ed	
rosettaproject_thv_swadesh-1	thv	animal	daba	daba	
rosettaproject_thv_swadesh-1	thv	arm	ar\il	ar\il	\
rosettaproject_thv_swadesh-1	thv	arrow	kibia	kibia	
rosettaproject_thv_swadesh-1	thv	ashes	eǯbes	ed͡ʒbes	
rosettaproject_thv_swadesh-1	thv	back	araouri	araouri	
rosettaproject_thv_swadesh-1	thv	back	aruri	aruri	
rosettaproject_thv_swadesh-1	thv	bad	išiad̪en	iʃiad̪en	
rosettaproject_thv_swadesh-1	thv	bark	tašenǯefa	taʃend͡ʒefa	
rosettaproject_thv_swadesh-1	thv	because	foull innin	foull innin	
rosettaproject_thv_swadesh-1	thv	belly	taǯahout	tad͡ʒahout	
rosettaproject_thv_swadesh-1	thv	belly	taʒahout	taʒahout	
rosettaproject_thv_swadesh-1	thv	big	mek\k\er	mek\k\er	\
rosettaproject_thv_swadesh-1	thv	bird	aǯeðið	ad͡ʒeðið	
rosettaproject_thv_swadesh-1	thv	bite	eded	eded	
rosettaproject_thv_swadesh-1	thv	bite	effez	effez	
rosettaproject_thv_swadesh-1	thv	bitter	iẓẓa	iẓẓa	ẓ
rosettaproject_thv_swadesh-1	thv	black	set \t\af	set \t\af	\
rosettaproject_thv_swadesh-1	thv	blood	ahni	ahni	
rosettaproject_thv_swadesh-1	thv	blood	azemi	azemi	
rosettaproject_thv_swadesh-1	thv	blow	soud̪	soud̪	
rosettaproject_thv_swadesh-1	thv	bone	ir\es	ir\es	\
rosettaproject_thv_swadesh-1	thv	boy	abaead̪	abaead̪	
rosettaproject_thv_swadesh-1	thv	branch	az\el	az\el	\
rosettaproject_thv_swadesh-1	thv	breast	ifef	ifef	
rosettaproject_thv_swadesh-1	thv	breathe	ad̪ou	ad̪ou	
rosettaproject_thv_swadesh-1	thv	breathe	sounfes	sounfes	
rosettaproject_thv_swadesh-1	thv	brother	anr\a	anr\a	\
rosettaproject_thv_swadesh-1	thv	brother	aɲa	aɲa	
rosettaproject_thv_swadesh-1	thv	burn	err\	err\	\
rosettaproject_thv_swadesh-1	thv	calf	iler\	iler\	\
rosettaproject_thv_swadesh-1	thv	calf	iller\	iller\	\
rosettaproject_thv_swadesh-1	thv	cheek	aǯez\	ad͡ʒez\	\
rosettaproject_thv_swadesh-1	thv	chest	admar	admar	
rosettaproject_thv_swadesh-1	thv	chin	tamart	tamart	
rosettaproject_thv_swadesh-1	thv	claw	išker	iʃker	
rosettaproject_thv_swadesh-1	thv	cloud	čiǯrek	t͡ʃid͡ʒrek	
rosettaproject_thv_swadesh-1	thv	cold	sammid̪	sammid̪	
rosettaproject_thv_swadesh-1	thv	come	as	as	
rosettaproject_thv_swadesh-1	thv	correct	iz\z\al	iz\z\al	\
rosettaproject_thv_swadesh-1	thv	count	sid̪en	sid̪en	
rosettaproject_thv_swadesh-1	thv	cut	enked̪	enked̪	
rosettaproject_thv_swadesh-1	thv	daughter	illi	illi	
rosettaproject_thv_swadesh-1	thv	day	azel	azel	
rosettaproject_thv_swadesh-1	thv	die	anemmatou	anemmatou	
rosettaproject_thv_swadesh-1	thv	die	emmet	emmet	
rosettaproject_thv_swadesh-1	thv	die	tamettant	tamettant	
rosettaproject_thv_swadesh-1	thv	dig	er\r\ez	er\r\ez	\
rosettaproject_thv_swadesh-1	thv	dig	əmbəl	əmbəl	
rosettaproject_thv_swadesh-1	thv	dig	ənbəl	ənbəl	
rosettaproject_thv_swadesh-1	thv	dirty	in imǯan	in imd͡ʒan	
rosettaproject_thv_swadesh-1	thv	dog	aidi	aidi	
rosettaproject_thv_swadesh-1	thv	drink	ešou	eʃou	
rosettaproject_thv_swadesh-1	thv	dry	ek\k\or	ek\k\or	\
rosettaproject_thv_swadesh-1	thv	dust	touk\k\art	touk\k\art	\
rosettaproject_thv_swadesh-1	thv	ear	tamezzouk	tamezzouk	
rosettaproject_thv_swadesh-1	thv	earth	amad̪al	amad̪al	
rosettaproject_thv_swadesh-1	thv	earth	ikidi	ikidi	
rosettaproject_thv_swadesh-1	thv	earth	iǯidi	id͡ʒidi	
rosettaproject_thv_swadesh-1	thv	eat	eč	et͡ʃ	
rosettaproject_thv_swadesh-1	thv	egg	tasadəlt	tasadəlt	
rosettaproject_thv_swadesh-1	thv	elbow	tar\mert	tar\mert	\
rosettaproject_thv_swadesh-1	thv	eye	anar\	anar\	\
rosettaproject_thv_swadesh-1	thv	eye	čit\	t͡ʃit\	\
rosettaproject_thv_swadesh-1	thv	face	oudem	oudem	
rosettaproject_thv_swadesh-1	thv	face	udəm	udəm	
rosettaproject_thv_swadesh-1	thv	fall	oud̪	oud̪	
rosettaproject_thv_swadesh-1	thv	fall	uḍ	uḍ	ḍ
rosettaproject_thv_swadesh-1	thv	far	aǯeǯ	ad͡ʒed͡ʒ	
rosettaproject_thv_swadesh-1	thv	fat (n.)	isim	isim	
rosettaproject_thv_swadesh-1	thv	father	baba	baba	
rosettaproject_thv_swadesh-1	thv	fear	eksoud̪	eksoud̪	
rosettaproject_thv_swadesh-1	thv	fear	touksed̪a	touksed̪a	
rosettaproject_thv_swadesh-1	thv	feather	afrau	afrau	
rosettaproject_thv_swadesh-1	thv	feather	azaǯ	azad͡ʒ	
rosettaproject_thv_swadesh-1	thv	few	and̪eren	and̪eren	
rosettaproject_thv_swadesh-1	thv	fight	eknes	eknes	
rosettaproject_thv_swadesh-1	thv	finger	ad̪ad̪	ad̪ad̪	
rosettaproject_thv_swadesh-1	thv	finger	tinsi	tinsi	
rosettaproject_thv_swadesh-1	thv	finger	čikait	t͡ʃikait	
rosettaproject_thv_swadesh-1	thv	finger	činši	t͡ʃinʃi	
rosettaproject_thv_swadesh-1	thv	fingernail	iskər	iskər	
rosettaproject_thv_swadesh-1	thv	fingernail	išker	iʃker	
rosettaproject_thv_swadesh-1	thv	fire	temsi	temsi	
rosettaproject_thv_swadesh-1	thv	fire	čimsi	t͡ʃimsi	
rosettaproject_thv_swadesh-1	thv	fish	alemšai	alemʃai	
rosettaproject_thv_swadesh-1	thv	five	semmous	semmous	
rosettaproject_thv_swadesh-1	thv	flower	taziǯi	tazid͡ʒi	
rosettaproject_thv_swadesh-1	thv	fly (n.)	ehi	ehi	
rosettaproject_thv_swadesh-1	thv	fly (n.)	ižži	iʒʒi	
rosettaproject_thv_swadesh-1	thv	fly (v.)	eǯǯed̪	ed͡ʒd͡ʒed̪	
rosettaproject_thv_swadesh-1	thv	fog	čiǯrek	t͡ʃid͡ʒrek	
rosettaproject_thv_swadesh-1	thv	foot	ad̪ar	ad̪ar	
rosettaproject_thv_swadesh-1	thv	foot	irez	irez	
rosettaproject_thv_swadesh-1	thv	forehead	čimi	t͡ʃimi	
rosettaproject_thv_swadesh-1	thv	four	okkoz	okkoz	
rosettaproject_thv_swadesh-1	thv	full	itkaren	itkaren	
rosettaproject_thv_swadesh-1	thv	full	ətkər	ətkər	
rosettaproject_thv_swadesh-1	thv	girl	tabarat	tabarat	
rosettaproject_thv_swadesh-1	thv	give	ekf	ekf	
rosettaproject_thv_swadesh-1	thv	good	ioularen	ioularen	
rosettaproject_thv_swadesh-1	thv	grass	ašek	aʃek	
rosettaproject_thv_swadesh-1	thv	guts	adan	adan	
rosettaproject_thv_swadesh-1	thv	hair	azeǯ	azed͡ʒ	
rosettaproject_thv_swadesh-1	thv	hand	afous	afous	
rosettaproject_thv_swadesh-1	thv	hand	taǯebizt	tad͡ʒebizt	
rosettaproject_thv_swadesh-1	thv	he/she	ennis	ennis	
rosettaproject_thv_swadesh-1	thv	he/she	enta	enta	
rosettaproject_thv_swadesh-1	thv	he/she	entat	entat	
rosettaproject_thv_swadesh-1	thv	he/she	˗t	˗t	
rosettaproject_thv_swadesh-1	thv	he/she	˗tet	˗tet	
rosettaproject_thv_swadesh-1	thv	head	ir\ef	ir\ef	\
rosettaproject_thv_swadesh-1	thv	hear	sel	sel	
rosettaproject_thv_swadesh-1	thv	heart	ioul	ioul	
rosettaproject_thv_swadesh-1	thv	here	dider\	dider\	\
rosettaproject_thv_swadesh-1	thv	hit	eouet	eouet	
rosettaproject_thv_swadesh-1	thv	hole	taboud̪i	taboud̪i	
rosettaproject_thv_swadesh-1	thv	horn	isək	isək	
rosettaproject_thv_swadesh-1	thv	horn	išek	iʃek	
rosettaproject_thv_swadesh-1	thv	house	ianan	ianan	
rosettaproject_thv_swadesh-1	thv	how	emmek	emmek	
rosettaproject_thv_swadesh-1	thv	how	manikawa	manikawa	
rosettaproject_thv_swadesh-1	thv	hunt	eǯ̣del	ed͡ʒ̣del	
rosettaproject_thv_swadesh-1	thv	husband	ales	ales	
rosettaproject_thv_swadesh-1	thv	i	in˗	in˗	
rosettaproject_thv_swadesh-1	thv	i	nek	nek	
rosettaproject_thv_swadesh-1	thv	i	˗i	˗i	
rosettaproject_thv_swadesh-1	thv	if	kou	kou	
rosettaproject_thv_swadesh-1	thv	if	koud	koud	
rosettaproject_thv_swadesh-1	thv	in	der\	der\	\
rosettaproject_thv_swadesh-1	thv	jaw	amadel	amadel	
rosettaproject_thv_swadesh-1	thv	kill	enr\	enr\	\
rosettaproject_thv_swadesh-1	thv	knee	afoud	afoud	
rosettaproject_thv_swadesh-1	thv	know	essen	essen	
rosettaproject_thv_swadesh-1	thv	laugh	tad̪ez\z\a	tad̪ez\z\a	\
rosettaproject_thv_swadesh-1	thv	leaf	afrau	afrau	
rosettaproject_thv_swadesh-1	thv	leaf	afrou	afrou	
rosettaproject_thv_swadesh-1	thv	left	imzelleǯ	imzelled͡ʒ	
rosettaproject_thv_swadesh-1	thv	leg	ad̪ar	ad̪ar	
rosettaproject_thv_swadesh-1	thv	lie	et\t\es	et\t\es	\
rosettaproject_thv_swadesh-1	thv	lightning	isam	isam	
rosettaproject_thv_swadesh-1	thv	lip	aðlou	aðlou	
rosettaproject_thv_swadesh-1	thv	live	edder	edder	
rosettaproject_thv_swadesh-1	thv	liver	aousa	aousa	
rosettaproject_thv_swadesh-1	thv	long	zeǯrin	zed͡ʒrin	
rosettaproject_thv_swadesh-1	thv	louse	tillik	tillik	
rosettaproject_thv_swadesh-1	thv	louse	čillik	t͡ʃillik	
rosettaproject_thv_swadesh-1	thv	man	ales	ales	
rosettaproject_thv_swadesh-1	thv	man	əi	əi	
rosettaproject_thv_swadesh-1	thv	many	aiggin	aiggin	
rosettaproject_thv_swadesh-1	thv	many	aiǯin	aid͡ʒin	
rosettaproject_thv_swadesh-1	thv	meat	isan	isan	
rosettaproject_thv_swadesh-1	thv	moon	aiour	aiour	
rosettaproject_thv_swadesh-1	thv	mother	anna	anna	
rosettaproject_thv_swadesh-1	thv	mountain	adrar	adrar	
rosettaproject_thv_swadesh-1	thv	mountain	aggan	aggan	
rosettaproject_thv_swadesh-1	thv	mouth	imi	imi	
rosettaproject_thv_swadesh-1	thv	name	isem	isem	
rosettaproject_thv_swadesh-1	thv	nape	čilenǯaout	t͡ʃilend͡ʒaout	
rosettaproject_thv_swadesh-1	thv	narrow	kerrouz	kerrouz	
rosettaproject_thv_swadesh-1	thv	near	iouhazen	iouhazen	
rosettaproject_thv_swadesh-1	thv	neck	iri	iri	
rosettaproject_thv_swadesh-1	thv	new	meðri	meðri	
rosettaproject_thv_swadesh-1	thv	night	ahaḍ	ahaḍ	ḍ
rosettaproject_thv_swadesh-1	thv	night	ided̪	ided̪	
rosettaproject_thv_swadesh-1	thv	nose	tanzert	tanzert	
rosettaproject_thv_swadesh-1	thv	not	our˗	our˗	
rosettaproject_thv_swadesh-1	thv	old	aouššar	aouʃʃar	
rosettaproject_thv_swadesh-1	thv	one	iien	iien	
rosettaproject_thv_swadesh-1	thv	person	kel	kel	
rosettaproject_thv_swadesh-1	thv	person	kil	kil	
rosettaproject_thv_swadesh-1	thv	pull	erkeb	erkeb	
rosettaproject_thv_swadesh-1	thv	push	emhel	emhel	
rosettaproject_thv_swadesh-1	thv	rain	aǯenna	ad͡ʒenna	
rosettaproject_thv_swadesh-1	thv	rat	taǯiǯert	tad͡ʒid͡ʒert	
rosettaproject_thv_swadesh-1	thv	red	zeǯǯar\	zed͡ʒd͡ʒar\	\
rosettaproject_thv_swadesh-1	thv	right	n ar\il	n ar\il	\
rosettaproject_thv_swadesh-1	thv	river	ir\zer	ir\zer	\
rosettaproject_thv_swadesh-1	thv	road	abrek\k\a	abrek\k\a	\
rosettaproject_thv_swadesh-1	thv	root	idir	idir	
rosettaproject_thv_swadesh-1	thv	rope	ar\an	ar\an	\
rosettaproject_thv_swadesh-1	thv	rotten	irka	irka	
rosettaproject_thv_swadesh-1	thv	round	ǯilellaouet	d͡ʒilellaouet	
rosettaproject_thv_swadesh-1	thv	rub	ames	ames	
rosettaproject_thv_swadesh-1	thv	salt	šisent	ʃisent	
rosettaproject_thv_swadesh-1	thv	sand	amad̪al mellen	amad̪al mellen	
rosettaproject_thv_swadesh-1	thv	say	en	en	
rosettaproject_thv_swadesh-1	thv	say	sioul	sioul	
rosettaproject_thv_swadesh-1	thv	say	ən	ən	
rosettaproject_thv_swadesh-1	thv	scratch	exreb	exreb	
rosettaproject_thv_swadesh-1	thv	see	eni	eni	
rosettaproject_thv_swadesh-1	thv	seed	čifest	t͡ʃifest	
rosettaproject_thv_swadesh-1	thv	sew	ez\mi	ez\mi	\
rosettaproject_thv_swadesh-1	thv	short	gezzoul	gezzoul	
rosettaproject_thv_swadesh-1	thv	shoulder	az\ir	az\ir	\
rosettaproject_thv_swadesh-1	thv	sing	aoui asakar\	aoui asakar\	\
rosettaproject_thv_swadesh-1	thv	sister	oultma	oultma	
rosettaproject_thv_swadesh-1	thv	sit	ek\k\im	ek\k\im	\
rosettaproject_thv_swadesh-1	thv	skin	ilem	ilem	
rosettaproject_thv_swadesh-1	thv	sky	aǯenna	ad͡ʒenna	
rosettaproject_thv_swadesh-1	thv	sleep	et\t\es	et\t\es	\
rosettaproject_thv_swadesh-1	thv	small	med̪ri	med̪ri	
rosettaproject_thv_swadesh-1	thv	smoke	ahou	ahou	
rosettaproject_thv_swadesh-1	thv	smoke	ahu	ahu	
rosettaproject_thv_swadesh-1	thv	snake	ašil	aʃil	
rosettaproject_thv_swadesh-1	thv	snow	ideǯrez	ided͡ʒrez	
rosettaproject_thv_swadesh-1	thv	son	au	au	
rosettaproject_thv_swadesh-1	thv	sour	kezber	kezber	
rosettaproject_thv_swadesh-1	thv	spit	tasoutaft	tasoutaft	
rosettaproject_thv_swadesh-1	thv	spit	tousou	tousou	
rosettaproject_thv_swadesh-1	thv	spit	əsu	əsu	
rosettaproject_thv_swadesh-1	thv	stand	ebded	ebded	
rosettaproject_thv_swadesh-1	thv	star	atri	atri	
rosettaproject_thv_swadesh-1	thv	stone	ablal	ablal	
rosettaproject_thv_swadesh-1	thv	suck	eller\	eller\	\
rosettaproject_thv_swadesh-1	thv	sun	tafouk	tafouk	
rosettaproject_thv_swadesh-1	thv	sweet	touraout	touraout	
rosettaproject_thv_swadesh-1	thv	swell	sekouf	sekouf	
rosettaproject_thv_swadesh-1	thv	tail	arǯal	ard͡ʒal	
rosettaproject_thv_swadesh-1	thv	take	ermes	ermes	
rosettaproject_thv_swadesh-1	thv	that	ouinder\	ouinder\	\
rosettaproject_thv_swadesh-1	thv	that	činder\	t͡ʃinder\	\
rosettaproject_thv_swadesh-1	thv	there	dinder\	dinder\	\
rosettaproject_thv_swadesh-1	thv	they	entanačid̪	entanat͡ʃid̪	
rosettaproject_thv_swadesh-1	thv	they	entenid̪	entenid̪	
rosettaproject_thv_swadesh-1	thv	they	nesen	nesen	
rosettaproject_thv_swadesh-1	thv	they	nesnet	nesnet	
rosettaproject_thv_swadesh-1	thv	they	˗ten	˗ten	
rosettaproject_thv_swadesh-1	thv	they	˗tenet	˗tenet	
rosettaproject_thv_swadesh-1	thv	thigh	tar\ma	tar\ma	\
rosettaproject_thv_swadesh-1	thv	thin	ilmaz\	ilmaz\	\
rosettaproject_thv_swadesh-1	thv	thin	sedit	sedit	
rosettaproject_thv_swadesh-1	thv	think	ourd	ourd	
rosettaproject_thv_swadesh-1	thv	this	ouader\	ouader\	\
rosettaproject_thv_swadesh-1	thv	this	ouarer	ouarer	
rosettaproject_thv_swadesh-1	thv	this	tader\	tader\	\
rosettaproject_thv_swadesh-1	thv	this	tarer	tarer	
rosettaproject_thv_swadesh-1	thv	thou	ik˗	ik˗	
rosettaproject_thv_swadesh-1	thv	thou	kai	kai	
rosettaproject_thv_swadesh-1	thv	thou	kem	kem	
rosettaproject_thv_swadesh-1	thv	thou	˗ennek	˗ennek	
rosettaproject_thv_swadesh-1	thv	thou	˗ennem	˗ennem	
rosettaproject_thv_swadesh-1	thv	thou	˗kem	˗kem	
rosettaproject_thv_swadesh-1	thv	thou	˗ki	˗ki	
rosettaproject_thv_swadesh-1	thv	three	kerad̪	kerad̪	
rosettaproject_thv_swadesh-1	thv	three	kəraḍ	kəraḍ	ḍ
rosettaproject_thv_swadesh-1	thv	throat	tamaia	tamaia	
rosettaproject_thv_swadesh-1	thv	throw	end̪ou	end̪ou	
rosettaproject_thv_swadesh-1	thv	thunder	iǯaǯ	id͡ʒad͡ʒ	
rosettaproject_thv_swadesh-1	thv	tie	enk\k\en	enk\k\en	\
rosettaproject_thv_swadesh-1	thv	today	azel ader\	azel ader\	\
rosettaproject_thv_swadesh-1	thv	tomorrow	toufat	toufat	
rosettaproject_thv_swadesh-1	thv	tongue	iles	iles	
rosettaproject_thv_swadesh-1	thv	tooth	isin	isin	
rosettaproject_thv_swadesh-1	thv	tree	ašek	aʃek	
rosettaproject_thv_swadesh-1	thv	turn	er\lai	er\lai	\
rosettaproject_thv_swadesh-1	thv	turn	ənnəḍ	ənnəḍ	ḍ
rosettaproject_thv_swadesh-1	thv	two	sin	sin	
rosettaproject_thv_swadesh-1	thv	vomit	ouk\k\ou	ouk\k\ou	\
rosettaproject_thv_swadesh-1	thv	walk	azel	azel	
rosettaproject_thv_swadesh-1	thv	walk	ek	ek	
rosettaproject_thv_swadesh-1	thv	walk	erǯez	erd͡ʒez	
rosettaproject_thv_swadesh-1	thv	warm	ikkous	ikkous	
rosettaproject_thv_swadesh-1	thv	wash	sired	sired	
rosettaproject_thv_swadesh-1	thv	water	aman	aman	
rosettaproject_thv_swadesh-1	thv	we	nekkenid̪ nekkentešid̪	nekkenid̪ nekkenteʃid̪	
rosettaproject_thv_swadesh-1	thv	we	nener\	nener\	\
rosettaproject_thv_swadesh-1	thv	we	˗ner\	˗ner\	\
rosettaproject_thv_swadesh-1	thv	weep	amet \t\aou	amet \t\aou	\
rosettaproject_thv_swadesh-1	thv	weep	skourout	skourout	
rosettaproject_thv_swadesh-1	thv	wet	ibǯaǯen	ibd͡ʒad͡ʒen	
rosettaproject_thv_swadesh-1	thv	what	ma	ma	
rosettaproject_thv_swadesh-1	thv	when	emmi	emmi	
rosettaproject_thv_swadesh-1	thv	where	mendi	mendi	
rosettaproject_thv_swadesh-1	thv	white	melloul	melloul	
rosettaproject_thv_swadesh-1	thv	who	mi	mi	
rosettaproject_thv_swadesh-1	thv	wide	iloua	iloua	
rosettaproject_thv_swadesh-1	thv	wife	tamet\	tamet\	\
rosettaproject_thv_swadesh-1	thv	wind	aðou	aðou	
rosettaproject_thv_swadesh-1	thv	wing	tifakfak	tifakfak	
rosettaproject_thv_swadesh-1	thv	wipe	ames	ames	
rosettaproject_thv_swadesh-1	thv	with	der	der	
rosettaproject_thv_swadesh-1	thv	woman	tamet\	tamet\	\
rosettaproject_thv_swadesh-1	thv	woman	tounti	tounti	
rosettaproject_thv_swadesh-1	thv	wood	išer\ir	iʃer\ir	\
rosettaproject_thv_swadesh-1	thv	wood	tabourait	tabourait	
rosettaproject_thv_swadesh-1	thv	worm	taukki	taukki	
rosettaproject_thv_swadesh-1	thv	year	aouatai	aouatai	
rosettaproject_thv_swadesh-1	thv	yellow	ar\ar	ar\ar	\
rosettaproject_thv_swadesh-1	thv	yellow	arer\	arer\	\
rosettaproject_thv_swadesh-1	thv	yesterday	n az\z\el	n az\z\el	\
rosettaproject_thv_swadesh-1	thv	you	ennaouen	ennaouen	
rosettaproject_thv_swadesh-1	thv	you	ennekmet	ennekmet	
rosettaproject_thv_swadesh-1	thv	you	kamačid̪	kamat͡ʃid̪	
rosettaproject_thv_swadesh-1	thv	you	kaouanid̪	kaouanid̪	
rosettaproject_thv_swadesh-1	thv	you	˗kaouen	˗kaouen	
rosettaproject_thv_swadesh-1	thv	you	˗kaouet	˗kaouet	
rosettaproject_zen_swadesh-1	zen	all	koull	koull	
rosettaproject_zen_swadesh-1	zen	and	d\	d\	\
rosettaproject_zen_swadesh-1	zen	and	id\	id\	\
rosettaproject_zen_swadesh-1	zen	ankle	touzouziθ	touzouziθ	
rosettaproject_zen_swadesh-1	zen	arm	iǯ	id͡ʒ	
rosettaproject_zen_swadesh-1	zen	arrow	ndek	ndek	
rosettaproject_zen_swadesh-1	zen	ashes	tiǯeft	tid͡ʒeft	
rosettaproject_zen_swadesh-1	zen	back	amard\i	amard\i	\
rosettaproject_zen_swadesh-1	zen	bad	eǯ ille	ed͡ʒ ille	
rosettaproject_zen_swadesh-1	zen	bark	taferki	taferki	
rosettaproject_zen_swadesh-1	zen	because	deg oueigi	deg oueigi	
rosettaproject_zen_swadesh-1	zen	belly	ar\mellað	ar\mellað	\
rosettaproject_zen_swadesh-1	zen	belly	taxša	taxʃa	
rosettaproject_zen_swadesh-1	zen	big	ioxši	ioxʃi	
rosettaproject_zen_swadesh-1	zen	bird	ar\daoud̪	ar\daoud̪	\
rosettaproject_zen_swadesh-1	zen	bite	ioumat̪	ioumat̪	
rosettaproject_zen_swadesh-1	zen	bite	taffazak	taffazak	
rosettaproject_zen_swadesh-1	zen	bitter	šemoum	ʃemoum	
rosettaproject_zen_swadesh-1	zen	black	ed\eǯ	ed\ed͡ʒ	\
rosettaproject_zen_swadesh-1	zen	blood	d\ammen	d\ammen	\
rosettaproject_zen_swadesh-1	zen	blow	emšoud\	emʃoud\	\
rosettaproject_zen_swadesh-1	zen	bone	issi	issi	
rosettaproject_zen_swadesh-1	zen	boy	erbi	erbi	
rosettaproject_zen_swadesh-1	zen	branch	arš	arʃ	
rosettaproject_zen_swadesh-1	zen	breast	iffi	iffi	
rosettaproject_zen_swadesh-1	zen	breathe	ekenfeǯ	ekenfed͡ʒ	
rosettaproject_zen_swadesh-1	zen	breathe	enfes	enfes	
rosettaproject_zen_swadesh-1	zen	brother	ar\mi	ar\mi	\
rosettaproject_zen_swadesh-1	zen	burn	ender	ender	
rosettaproject_zen_swadesh-1	zen	calf	agouandouž	agouandouʒ	
rosettaproject_zen_swadesh-1	zen	cheek	šdeg	ʃdeg	
rosettaproject_zen_swadesh-1	zen	chest	gourgaren	gourgaren	
rosettaproject_zen_swadesh-1	zen	child	agzi	agzi	
rosettaproject_zen_swadesh-1	zen	child	ameined\	ameined\	\
rosettaproject_zen_swadesh-1	zen	claw	gouhadeš	gouhadeʃ	
rosettaproject_zen_swadesh-1	zen	cloud	akkanag	akkanag	
rosettaproject_zen_swadesh-1	zen	cold	tešmouǯi	teʃmoud͡ʒi	
rosettaproject_zen_swadesh-1	zen	come	šedd	ʃedd	
rosettaproject_zen_swadesh-1	zen	correct	emtet	emtet	
rosettaproject_zen_swadesh-1	zen	cut	kadeši	kadeʃi	
rosettaproject_zen_swadesh-1	zen	daughter	tegθout	tegθout	
rosettaproject_zen_swadesh-1	zen	day	ass	ass	
rosettaproject_zen_swadesh-1	zen	die	emmi	emmi	
rosettaproject_zen_swadesh-1	zen	die	tamettant	tamettant	
rosettaproject_zen_swadesh-1	zen	dig	endaǯ	endad͡ʒ	
rosettaproject_zen_swadesh-1	zen	dirty	ilfa	ilfa	
rosettaproject_zen_swadesh-1	zen	dog	eθed\i	eθed\i	\
rosettaproject_zen_swadesh-1	zen	dog	id\i	id\i	\
rosettaproject_zen_swadesh-1	zen	drink	išba	iʃba	
rosettaproject_zen_swadesh-1	zen	dry	aour	aour	
rosettaproject_zen_swadesh-1	zen	dust	r\obra	r\obra	\
rosettaproject_zen_swadesh-1	zen	ear	tamazgoud̪	tamazgoud̪	
rosettaproject_zen_swadesh-1	zen	earth	ageč	aget͡ʃ	
rosettaproject_zen_swadesh-1	zen	eat	eč	et͡ʃ	
rosettaproject_zen_swadesh-1	zen	egg	tar\d\oud̪	tar\d\oud̪	\
rosettaproject_zen_swadesh-1	zen	elbow	tiːmmert	tiːmmert	
rosettaproject_zen_swadesh-1	zen	eye	h\ažeb	h\aʒeb	\
rosettaproject_zen_swadesh-1	zen	eye	tod̪	tod̪	
rosettaproject_zen_swadesh-1	zen	face	ad\m	ad\m	\
rosettaproject_zen_swadesh-1	zen	fall	ad\ar	ad\ar	\
rosettaproject_zen_swadesh-1	zen	far	ioubbok	ioubbok	
rosettaproject_zen_swadesh-1	zen	fat (n.)	tad\ount	tad\ount	\
rosettaproject_zen_swadesh-1	zen	father	baba	baba	
rosettaproject_zen_swadesh-1	zen	fear	axšoud	axʃoud	
rosettaproject_zen_swadesh-1	zen	fear	ed\edef	ed\edef	\
rosettaproject_zen_swadesh-1	zen	fear	zašoud\	zaʃoud\	\
rosettaproject_zen_swadesh-1	zen	feather	ašektou	aʃektou	
rosettaproject_zen_swadesh-1	zen	few	axout	axout	
rosettaproject_zen_swadesh-1	zen	fight	einiš	einiʃ	
rosettaproject_zen_swadesh-1	zen	finger	ad\ar\d\i	ad\ar\d\i	\
rosettaproject_zen_swadesh-1	zen	finger	ogmouš	ogmouʃ	
rosettaproject_zen_swadesh-1	zen	fingernail	sker	sker	
rosettaproject_zen_swadesh-1	zen	fire	azzoun	azzoun	
rosettaproject_zen_swadesh-1	zen	fish	asemki	asemki	
rosettaproject_zen_swadesh-1	zen	five	šoumouš	ʃoumouʃ	
rosettaproject_zen_swadesh-1	zen	float	tam	tam	
rosettaproject_zen_swadesh-1	zen	flow	ebd\i	ebd\i	\
rosettaproject_zen_swadesh-1	zen	flower	dešma	deʃma	
rosettaproject_zen_swadesh-1	zen	fly (n.)	iži	iʒi	
rosettaproject_zen_swadesh-1	zen	fog	arešraš	areʃraʃ	
rosettaproject_zen_swadesh-1	zen	foot	ad\ar	ad\ar	\
rosettaproject_zen_swadesh-1	zen	foot	ouriž	ouriʒ	
rosettaproject_zen_swadesh-1	zen	forehead	ir	ir	
rosettaproject_zen_swadesh-1	zen	forest	šaren	ʃaren	
rosettaproject_zen_swadesh-1	zen	four	akkoz	akkoz	
rosettaproject_zen_swadesh-1	zen	fruit	gdiš	gdiʃ	
rosettaproject_zen_swadesh-1	zen	full	ieṭeskan	ieṭeskan	ṭ
rosettaproject_zen_swadesh-1	zen	full	t̪eskan	t̪eskan	
rosettaproject_zen_swadesh-1	zen	girl	tegzit	tegzit	
rosettaproject_zen_swadesh-1	zen	give	offa	offa	
rosettaproject_zen_swadesh-1	zen	good	iəžmandar	iəʒmandar	
rosettaproject_zen_swadesh-1	zen	grass	iskoun	iskoun	
rosettaproject_zen_swadesh-1	zen	green	beid\eh\	beid\eh\	\
rosettaproject_zen_swadesh-1	zen	guts	delma	delma	
rosettaproject_zen_swadesh-1	zen	guts	t̪ouran	t̪ouran	
rosettaproject_zen_swadesh-1	zen	hair	ouzban	ouzban	
rosettaproject_zen_swadesh-1	zen	hand	afouš	afouʃ	
rosettaproject_zen_swadesh-1	zen	hand	touletemit	touletemit	
rosettaproject_zen_swadesh-1	zen	he/she	eš	eʃ	
rosettaproject_zen_swadesh-1	zen	he/she	nenta	nenta	
rosettaproject_zen_swadesh-1	zen	he/she	nentaka	nentaka	
rosettaproject_zen_swadesh-1	zen	he/she	netta	netta	
rosettaproject_zen_swadesh-1	zen	he/she	nta	nta	
rosettaproject_zen_swadesh-1	zen	he/she	ntaket	ntaket	
rosettaproject_zen_swadesh-1	zen	he/she	ntehadat̪	ntehadat̪	
rosettaproject_zen_swadesh-1	zen	he/she	˗iat̪	˗iat̪	
rosettaproject_zen_swadesh-1	zen	he/she	˗it	˗it	
rosettaproject_zen_swadesh-1	zen	he/she	˗tet̪	˗tet̪	
rosettaproject_zen_swadesh-1	zen	he/she	˗ti	˗ti	
rosettaproject_zen_swadesh-1	zen	he/she	˗tou	˗tou	
rosettaproject_zen_swadesh-1	zen	head	if	if	
rosettaproject_zen_swadesh-1	zen	hear	gera	gera	
rosettaproject_zen_swadesh-1	zen	heart	ouǯ	oud͡ʒ	
rosettaproject_zen_swadesh-1	zen	heavy	azzeg	azzeg	
rosettaproject_zen_swadesh-1	zen	here	ialliθ	ialliθ	
rosettaproject_zen_swadesh-1	zen	hit	aouš	aouʃ	
rosettaproject_zen_swadesh-1	zen	hole	tanit̪	tanit̪	
rosettaproject_zen_swadesh-1	zen	horn	teska	teska	
rosettaproject_zen_swadesh-1	zen	house	addar	addar	
rosettaproject_zen_swadesh-1	zen	how	tak	tak	
rosettaproject_zen_swadesh-1	zen	how	teǯ maied	ted͡ʒ maied	
rosettaproject_zen_swadesh-1	zen	hunt	germad\ek	germad\ek	\
rosettaproject_zen_swadesh-1	zen	husband	tamerous	tamerous	
rosettaproject_zen_swadesh-1	zen	i	nik	nik	
rosettaproject_zen_swadesh-1	zen	i	nika	nika	
rosettaproject_zen_swadesh-1	zen	i	nikan	nikan	
rosettaproject_zen_swadesh-1	zen	i	˗i	˗i	
rosettaproject_zen_swadesh-1	zen	i	˗in	˗in	
rosettaproject_zen_swadesh-1	zen	ice	tebroud	tebroud	
rosettaproject_zen_swadesh-1	zen	if	ed\in	ed\in	\
rosettaproject_zen_swadesh-1	zen	in	deg	deg	
rosettaproject_zen_swadesh-1	zen	jaw	h\anouk	h\anouk	\
rosettaproject_zen_swadesh-1	zen	kill	eni	eni	
rosettaproject_zen_swadesh-1	zen	knee	offoud\	offoud\	\
rosettaproject_zen_swadesh-1	zen	know	essin	essin	
rosettaproject_zen_swadesh-1	zen	laugh	eineg	eineg	
rosettaproject_zen_swadesh-1	zen	left	ažedmat̪	aʒedmat̪	
rosettaproject_zen_swadesh-1	zen	leg	ad\ar	ad\ar	\
rosettaproject_zen_swadesh-1	zen	leg	tada	tada	
rosettaproject_zen_swadesh-1	zen	lie	anender	anender	
rosettaproject_zen_swadesh-1	zen	lip	touθaouen	touθaouen	
rosettaproject_zen_swadesh-1	zen	live	ell	ell	
rosettaproject_zen_swadesh-1	zen	live	iegeh	iegeh	
rosettaproject_zen_swadesh-1	zen	liver	taša	taʃa	
rosettaproject_zen_swadesh-1	zen	long	efelle	efelle	
rosettaproject_zen_swadesh-1	zen	long	ozef	ozef	
rosettaproject_zen_swadesh-1	zen	louse	fič	fit͡ʃ	
rosettaproject_zen_swadesh-1	zen	louse	tillikt	tillikt	
rosettaproject_zen_swadesh-1	zen	man	h\alil	h\alil	\
rosettaproject_zen_swadesh-1	zen	man	əgiǯ	əgid͡ʒ	
rosettaproject_zen_swadesh-1	zen	many	tikši	tikʃi	
rosettaproject_zen_swadesh-1	zen	many	uaǯa	uad͡ʒa	
rosettaproject_zen_swadesh-1	zen	meat	aisum	aisum	
rosettaproject_zen_swadesh-1	zen	meat	čižži	t͡ʃiʒʒi	
rosettaproject_zen_swadesh-1	zen	moon	ežžir	eʒʒir	
rosettaproject_zen_swadesh-1	zen	mother	ioumma	ioumma	
rosettaproject_zen_swadesh-1	zen	mountain	ergem	ergem	
rosettaproject_zen_swadesh-1	zen	mouth	immi	immi	
rosettaproject_zen_swadesh-1	zen	name	ašm	aʃm	
rosettaproject_zen_swadesh-1	zen	nape	agarθ	agarθ	
rosettaproject_zen_swadesh-1	zen	narrow	oul ežmerad̪	oul eʒmerad̪	
rosettaproject_zen_swadesh-1	zen	navel	tamað	tamað	
rosettaproject_zen_swadesh-1	zen	near	iouz	iouz	
rosettaproject_zen_swadesh-1	zen	new	nšeʂ	nʃeʂ	
rosettaproject_zen_swadesh-1	zen	new	tamaid\ani	tamaid\ani	\
rosettaproject_zen_swadesh-1	zen	night	id̪	id̪	
rosettaproject_zen_swadesh-1	zen	not	ouer	ouer	
rosettaproject_zen_swadesh-1	zen	not	our	our	
rosettaproject_zen_swadesh-1	zen	old	telkehlit̪	telkehlit̪	
rosettaproject_zen_swadesh-1	zen	one	(ne)oun	(ne)oun	
rosettaproject_zen_swadesh-1	zen	other	iǯoudan	id͡ʒoudan	
rosettaproject_zen_swadesh-1	zen	person	menan	menan	
rosettaproject_zen_swadesh-1	zen	play	arrar	arrar	
rosettaproject_zen_swadesh-1	zen	pull	aoug	aoug	
rosettaproject_zen_swadesh-1	zen	push	eikem	eikem	
rosettaproject_zen_swadesh-1	zen	rain	akkanak	akkanak	
rosettaproject_zen_swadesh-1	zen	rat	ak\ardi	ak\ardi	\
rosettaproject_zen_swadesh-1	zen	rat	tameid\anes	tameid\anes	\
rosettaproject_zen_swadesh-1	zen	red	žobba	ʒobba	
rosettaproject_zen_swadesh-1	zen	right	afoušeš	afouʃeʃ	
rosettaproject_zen_swadesh-1	zen	river	il	il	
rosettaproject_zen_swadesh-1	zen	road	toures	toures	
rosettaproject_zen_swadesh-1	zen	root	tadrisa	tadrisa	
rosettaproject_zen_swadesh-1	zen	rope	ižiger	iʒiger	
rosettaproject_zen_swadesh-1	zen	rotten	blah\	blah\	\
rosettaproject_zen_swadesh-1	zen	round	h\afoul	h\afoul	\
rosettaproject_zen_swadesh-1	zen	rub	r\abbaš	r\abbaʃ	\
rosettaproject_zen_swadesh-1	zen	salt	terert	terert	
rosettaproject_zen_swadesh-1	zen	sand	teferi	teferi	
rosettaproject_zen_swadesh-1	zen	say	ini	ini	
rosettaproject_zen_swadesh-1	zen	say	šaoueǯ	ʃaoued͡ʒ	
rosettaproject_zen_swadesh-1	zen	scratch	teǯrah\	ted͡ʒrah\	\
rosettaproject_zen_swadesh-1	zen	see	zar	zar	
rosettaproject_zen_swadesh-1	zen	seed	šoudaǯen	ʃoudad͡ʒen	
rosettaproject_zen_swadesh-1	zen	short	keǯiǯ	ked͡ʒid͡ʒ	
rosettaproject_zen_swadesh-1	zen	shoulder	tor\od\	tor\od\	\
rosettaproject_zen_swadesh-1	zen	sing	ittanek	ittanek	
rosettaproject_zen_swadesh-1	zen	sister	iedem	iedem	
rosettaproject_zen_swadesh-1	zen	sit	imi	imi	
rosettaproject_zen_swadesh-1	zen	skin	iǯem	id͡ʒem	
rosettaproject_zen_swadesh-1	zen	sleep	somm	somm	
rosettaproject_zen_swadesh-1	zen	small	imezzigen	imezzigen	
rosettaproject_zen_swadesh-1	zen	smoke	obi	obi	
rosettaproject_zen_swadesh-1	zen	snake	ouager	ouager	
rosettaproject_zen_swadesh-1	zen	son	ogzein	ogzein	
rosettaproject_zen_swadesh-1	zen	son	ogzi	ogzi	
rosettaproject_zen_swadesh-1	zen	sour	fell	fell	
rosettaproject_zen_swadesh-1	zen	spit	iamšedi	iamʃedi	
rosettaproject_zen_swadesh-1	zen	spit	oud\men	oud\men	\
rosettaproject_zen_swadesh-1	zen	split	t̪ammeg	t̪ammeg	
rosettaproject_zen_swadesh-1	zen	squeeze	taaça	taaça	
rosettaproject_zen_swadesh-1	zen	star	ed\eri	ed\eri	\
rosettaproject_zen_swadesh-1	zen	stone	tirgit̪	tirgit̪	
rosettaproject_zen_swadesh-1	zen	suck	temes	temes	
rosettaproject_zen_swadesh-1	zen	sun	taoufoukt	taoufoukt	
rosettaproject_zen_swadesh-1	zen	sweet	tamoumt	tamoumt	
rosettaproject_zen_swadesh-1	zen	swell	čoud\ak	t͡ʃoud\ak	\
rosettaproject_zen_swadesh-1	zen	swim	taam	taam	
rosettaproject_zen_swadesh-1	zen	tail	žeff	ʒeff	
rosettaproject_zen_swadesh-1	zen	take	əzgi	əzgi	
rosettaproject_zen_swadesh-1	zen	they	enšen	enʃen	
rosettaproject_zen_swadesh-1	zen	they	enšent	enʃent	
rosettaproject_zen_swadesh-1	zen	they	nahni	nahni	
rosettaproject_zen_swadesh-1	zen	they	netnin	netnin	
rosettaproject_zen_swadesh-1	zen	they	ntahiat	ntahiat	
rosettaproject_zen_swadesh-1	zen	they	ten	ten	
rosettaproject_zen_swadesh-1	zen	they	tinied\	tinied\	\
rosettaproject_zen_swadesh-1	zen	thick	d\aouer	d\aouer	\
rosettaproject_zen_swadesh-1	zen	thigh	tama	tama	
rosettaproject_zen_swadesh-1	zen	thin	it̪era	it̪era	
rosettaproject_zen_swadesh-1	zen	this	ad\	ad\	\
rosettaproject_zen_swadesh-1	zen	this	aid\	aid\	\
rosettaproject_zen_swadesh-1	zen	this	an	an	
rosettaproject_zen_swadesh-1	zen	this	in	in	
rosettaproject_zen_swadesh-1	zen	this	tad\	tad\	\
rosettaproject_zen_swadesh-1	zen	thou	kem	kem	
rosettaproject_zen_swadesh-1	zen	thou	kou	kou	
rosettaproject_zen_swadesh-1	zen	thou	koum	koum	
rosettaproject_zen_swadesh-1	zen	thou	ouk	ouk	
rosettaproject_zen_swadesh-1	zen	thou	˗am	˗am	
rosettaproject_zen_swadesh-1	zen	thou	˗ek	˗ek	
rosettaproject_zen_swadesh-1	zen	thou	˗em	˗em	
rosettaproject_zen_swadesh-1	zen	thou	˗ki	˗ki	
rosettaproject_zen_swadesh-1	zen	three	karad\	karad\	\
rosettaproject_zen_swadesh-1	zen	throw	(a)ger	(a)ger	
rosettaproject_zen_swadesh-1	zen	tie	an	an	
rosettaproject_zen_swadesh-1	zen	tie	gillek	gillek	
rosettaproject_zen_swadesh-1	zen	tomorrow	tiǯgen	tid͡ʒgen	
rosettaproject_zen_swadesh-1	zen	tongue	eči	et͡ʃi	
rosettaproject_zen_swadesh-1	zen	tooth	oukši	oukʃi	
rosettaproject_zen_swadesh-1	zen	tree	tešoudda	teʃoudda	
rosettaproject_zen_swadesh-1	zen	turn	tetter	tetter	
rosettaproject_zen_swadesh-1	zen	two	šinan	ʃinan	
rosettaproject_zen_swadesh-1	zen	vagina	geddam	geddam	
rosettaproject_zen_swadesh-1	zen	vomit	tarer	tarer	
rosettaproject_zen_swadesh-1	zen	walk	edda	edda	
rosettaproject_zen_swadesh-1	zen	walk	eg	eg	
rosettaproject_zen_swadesh-1	zen	walk	er\iebek	er\iebek	\
rosettaproject_zen_swadesh-1	zen	warm	err(vb.)	err(vb.)	
rosettaproject_zen_swadesh-1	zen	wash	iessered\	iessered\	\
rosettaproject_zen_swadesh-1	zen	water	aman	aman	
rosettaproject_zen_swadesh-1	zen	we	nekini	nekini	
rosettaproject_zen_swadesh-1	zen	we	nokouni	nokouni	
rosettaproject_zen_swadesh-1	zen	we	˗nak	˗nak	
rosettaproject_zen_swadesh-1	zen	we	˗nan	˗nan	
rosettaproject_zen_swadesh-1	zen	weep	enðaoun	enðaoun	
rosettaproject_zen_swadesh-1	zen	weep	iǯa	id͡ʒa	
rosettaproject_zen_swadesh-1	zen	wet	̪oud\eg	̪oud\eg	\
rosettaproject_zen_swadesh-1	zen	what	kai	kai	
rosettaproject_zen_swadesh-1	zen	what	keid\	keid\	\
rosettaproject_zen_swadesh-1	zen	what	ta	ta	
rosettaproject_zen_swadesh-1	zen	when	tak ažerer	tak aʒerer	
rosettaproject_zen_swadesh-1	zen	white	molliǯ	mollid͡ʒ	
rosettaproject_zen_swadesh-1	zen	who	ma	ma	
rosettaproject_zen_swadesh-1	zen	who	taka	taka	
rosettaproject_zen_swadesh-1	zen	wide	ianiǯoua	ianid͡ʒoua	
rosettaproject_zen_swadesh-1	zen	wind	afrioui	afrioui	
rosettaproject_zen_swadesh-1	zen	wind	ažaouen	aʒaouen	
rosettaproject_zen_swadesh-1	zen	wipe	r\abbeš	r\abbeʃ	\
rosettaproject_zen_swadesh-1	zen	with	id\	id\	\
rosettaproject_zen_swadesh-1	zen	woman	temti	temti	
rosettaproject_zen_swadesh-1	zen	woman	tinečint	tinet͡ʃint	
rosettaproject_zen_swadesh-1	zen	wood	eššet̪	eʃʃet̪	
rosettaproject_zen_swadesh-1	zen	worm	r\ourbeil	r\ourbeil	\
rosettaproject_zen_swadesh-1	zen	year	ašebeš	aʃebeʃ	
rosettaproject_zen_swadesh-1	zen	yellow	iere	iere	
rosettaproject_zen_swadesh-1	zen	yesterday	eǯouð	ed͡ʒouð	
rosettaproject_zen_swadesh-1	zen	you	nentni	nentni	
rosettaproject_zen_swadesh-1	zen	you	netnahint	netnahint	
rosettaproject_zen_swadesh-1	zen	you	netnin	netnin	
rosettaproject_zen_swadesh-1	zen	you	˗koun	˗koun	
rosettaproject_zen_swadesh-1	zen	you	˗ned koummed\	˗ned koummed\	\
rosettaproject_zen_swadesh-1	zen	you	˗nouen	˗nouen	
