identifier	lang_code	language	kind	n_entries	n_canonical	n_extra	sahul_fauna	body_part	kinship_age	time_deixis	weather	dual_clusivity	has_dual	category
rosettaproject_aad_swadesh-1	aad	Amal	transcription	159	153	5	0	2	0	0	0	1	0	core_swadesh
rosettaproject_aak_swadesh-1	aak	Ankave	transcription	101	98	3	0	1	0	0	0	1	0	core_swadesh
rosettaproject_aar_swadesh-1	aar	Afar	transcription	147	142	4	0	1	0	0	0	0	0	core_swadesh
rosettaproject_aau_swadesh-1	aau	Abau	transcription	96	82	10	1	1	0	0	0	4	1	core_swadesh
rosettaproject_abe_swadesh-1	abe	Abenaki, Western	transcription	140	139	1	0	0	0	0	0	0	0	core_swadesh
rosettaproject_abj_swadesh-1	abj	Aka-Bea	transcription	899	718	56	1	19	6	4	2	0	0	extended_worldwide
rosettaproject_abk_swadesh-1	abk	Abkhaz	transcription	114	113	1	0	0	0	0	0	0	0	core_swadesh
rosettaproject_abq_swadesh-1	abq	Abaza	transcription	114	113	1	0	0	0	0	0	0	0	core_swadesh
rosettaproject_abt_swadesh-1	abt	Ambulas	transcription	481	417	28	1	8	2	3	0	4	1	extended_worldwide
rosettaproject_abw_swadesh-1	abw	Pal	transcription	323	258	37	4	11	2	3	2	0	0	sahul_extended
rosettaproject_aby_swadesh-1	aby	Aneme Wake	transcription	101	82	10	0	2	0	0	0	6	1	core_swadesh
rosettaproject_abz_swadesh-1	abz	Abui	transcription	548	457	37	0	12	2	2	1	4	1	extended_worldwide
rosettaproject_ace_swadesh-1	ace	Aceh	transcription	182	177	5	0	0	0	0	0	0	0	core_swadesh
rosettaproject_ach_swadesh-1	ach	Acholi	transcription	13	12	1	0	0	0	0	0	0	0	core_swadesh
rosettaproject_aci_swadesh-1	aci	Aka-Cari	transcription	529	433	44	0	12	6	2	2	0	0	extended_worldwide
rosettaproject_ack_swadesh-1	ack	Aka-Kora	transcription	268	209	46	1	15	6	1	2	3	1	extended_worldwide
rosettaproject_acl_swadesh-1	acl	Akar-Bale	transcription	695	563	55	1	19	5	4	2	0	0	extended_worldwide
rosettaproject_acr_swadesh-1	acr	Achi	transcription	84	84	0	0	0	0	0	0	0	0	core_swadesh
rosettaproject_acx_swadesh-1	acx	Arabic, Omani Spoken	transcription	98	98	0	0	0	0	0	0	0	0	core_swadesh
rosettaproject_ado_swadesh-1	ado	Abu	transcription	18	17	1	0	0	0	0	0	0	0	core_swadesh
rosettaproject_ady_swadesh-1	ady	Adyghe	transcription	114	113	1	0	0	0	0	0	0	0	core_swadesh
rosettaproject_aey_swadesh-1	aey	Amele	transcription	390	309	43	4	13	3	3	2	3	1	sahul_extended
rosettaproject_afb_swadesh-1	afb	Arabic, Gulf Spoken	transcription	94	94	0	0	0	0	0	0	0	0	core_swadesh
rosettaproject_afi_swadesh-1	afi	Akrukay	transcription	19	19	0	0	0	0	0	0	0	0	core_swadesh
rosettaproject_afr_swadesh-1	afr	Afrikaans	transcription	329	325	1	0	0	0	0	0	0	0	core_swadesh
rosettaproject_aft_swadesh-1	aft	Afitti	transcription	61	56	5	0	1	0	0	0	0	0	core_swadesh
rosettaproject_afz_swadesh-1	afz	Obokuitai	transcription	288	239	35	5	9	0	2	2	2	1	sahul_extended
rosettaproject_agl_swadesh-1	agl	Fembe	transcription	287	277	6	2	2	0	0	0	1	0	sahul_extended
rosettaproject_ahg_swadesh-1	ahg	Qimant	transcription	96	93	3	0	0	0	0	0	0	0	core_swadesh
rosettaproject_ahh_swadesh-1	ahh	Aghu	transcription	322	247	44	2	17	6	1	2	0	0	sahul_extended
rosettaproject_aif_swadesh-1	aif	Agi	transcription	55	54	1	0	1	0	0	0	0	0	core_swadesh
rosettaproject_ail_swadesh-1	ail	Aimele	transcription	152	146	5	2	2	0	0	0	0	0	sahul_extended
rosettaproject_ain_swadesh-1	ain	Ainu	transcription	2555	2143	51	0	17	6	4	2	2	1	extended_worldwide
rosettaproject_aja_swadesh-1	aja	Aja	transcription	215	181	31	1	8	6	4	0	0	0	extended_worldwide
rosettaproject_akc_swadesh-1	akc	Mpur	transcription	657	528	49	1	14	6	4	2	2	1	extended_worldwide
rosettaproject_akh_swadesh-1	akh	Angal Heneng	transcription	53	50	3	0	0	0	0	0	2	1	core_swadesh
rosettaproject_aki_swadesh-1	aki	Aiome	transcription	25	23	1	0	0	0	0	0	0	0	core_swadesh
rosettaproject_akj_swadesh-1	akj	Aka-Jeru	transcription	38	37	1	0	0	0	0	0	0	0	core_swadesh
rosettaproject_akl_swadesh-1	akl	Inakeanon	transcription	185	180	5	0	0	0	0	0	0	0	core_swadesh
rosettaproject_akm_swadesh-1	akm	Aka-Bo	transcription	267	219	39	0	12	6	2	2	0	0	extended_worldwide
rosettaproject_akq_swadesh-1	akq	Ak	transcription	1	1	0	0	0	0	0	0	0	0	stub
rosettaproject_akv_swadesh-1	akv	Akhvakh	transcription	113	110	3	0	0	0	0	0	2	1	core_swadesh
rosettaproject_akx_swadesh-1	akx	Aka-Kede	transcription	524	432	44	0	12	6	2	2	0	0	extended_worldwide
rosettaproject_aky_swadesh-1	aky	Aka-Kol	transcription	668	534	55	1	19	5	4	2	0	0	extended_worldwide
rosettaproject_alh_swadesh-1	alh	Alawa	transcription	407	310	51	5	14	6	3	2	6	1	sahul_extended
rosettaproject_ali_swadesh-1	ali	Amaimon	transcription	354	281	40	4	12	4	3	2	0	0	sahul_extended
rosettaproject_als_swadesh-1	als	Albanian, Tosk	transcription	150	149	1	0	0	0	0	0	0	0	core_swadesh
rosettaproject_alw_swadesh-1	alw	Alaba-K'abeena	transcription	95	92	3	0	0	0	0	0	0	0	core_swadesh
rosettaproject_alx_swadesh-1	alx	Amol	transcription	76	73	2	0	1	0	0	0	0	0	core_swadesh
rosettaproject_aly_swadesh-1	aly	Alyawarr	transcription	299	229	48	3	16	4	4	1	6	1	sahul_extended
rosettaproject_amf_swadesh-1	amf	Hamer-Banna	transcription	106	101	5	0	0	2	0	0	0	0	lightly_extended
rosettaproject_amg_swadesh-1	amg	Amarag	transcription	241	189	41	3	14	6	3	1	0	0	sahul_extended
rosettaproject_amh_swadesh-1	amh	Amharic	transcription	118	114	3	0	0	0	0	0	0	0	core_swadesh
rosettaproject_amj_swadesh-1	amj	Amdang	transcription	34	29	5	0	1	1	0	0	0	0	core_swadesh
rosettaproject_amm_swadesh-1	amm	Ama	transcription	490	407	36	4	9	4	4	0	5	1	sahul_extended
rosettaproject_amn_swadesh-1	amn	Amanab	transcription	21	21	0	0	0	0	0	0	0	0	core_swadesh
rosettaproject_amp_swadesh-1	amp	Alamblak	transcription	419	349	34	4	7	4	3	0	5	1	sahul_extended
rosettaproject_amt_swadesh-1	amt	Amto	transcription	246	202	32	4	9	4	3	0	5	1	sahul_extended
rosettaproject_amy_swadesh-1	amy	Ami	transcription	141	108	27	5	7	0	3	0	6	1	sahul_extended
rosettaproject_amz_swadesh-1	amz	Atampaya	transcription	486	367	52	4	17	6	2	2	6	1	sahul_extended
rosettaproject_anc_swadesh-1	anc	Ngas	transcription	72	71	1	0	0	0	0	0	0	0	core_swadesh
rosettaproject_anh_swadesh-1	anh	Nend	transcription	383	305	40	4	13	4	3	2	0	0	sahul_extended
rosettaproject_ani_swadesh-1	ani	Andi	transcription	113	110	3	0	0	0	0	0	2	1	core_swadesh
rosettaproject_anj_swadesh-1	anj	Anor	transcription	106	86	17	1	2	1	3	0	3	1	lightly_extended
rosettaproject_anq_swadesh-1	anq	Jarawa	transcription	1327	1046	52	1	18	6	4	2	0	0	extended_worldwide
rosettaproject_anu_swadesh-1	anu	Anuak	transcription	97	95	2	0	0	0	0	0	0	0	core_swadesh
rosettaproject_anz_swadesh-1	anz	Anem	transcription	336	303	26	3	4	2	1	2	2	1	sahul_extended
rosettaproject_aod_swadesh-1	aod	Andarum	transcription	14	14	0	0	0	0	0	0	0	0	core_swadesh
rosettaproject_aof_swadesh-1	aof	Bragat	transcription	20	20	0	0	0	0	0	0	0	0	core_swadesh
rosettaproject_aog_swadesh-1	aog	Angoram	transcription	459	382	17	1	4	4	2	0	0	0	extended_worldwide
rosettaproject_aoi_swadesh-1	aoi	Anindilyakwa	transcription	306	234	40	3	13	6	3	2	0	0	sahul_extended
rosettaproject_aoj_swadesh-1	aoj	Mufian	transcription	3	3	0	0	0	0	0	0	0	0	stub
rosettaproject_aon_swadesh-1	aon	Arapesh, Bumbita	transcription	15	15	0	0	0	0	0	0	0	0	core_swadesh
rosettaproject_aos_swadesh-1	aos	Taikat	transcription	809	618	55	5	16	5	4	2	3	1	sahul_extended
rosettaproject_ape_swadesh-1	ape	Bukiyip	transcription	246	200	34	3	9	1	2	0	1	0	sahul_extended
rosettaproject_apq_swadesh-1	apq	A-Pucikwar	transcription	933	756	56	1	19	6	4	2	0	0	extended_worldwide
rosettaproject_apz_swadesh-1	apz	Safeyoka	transcription	103	100	3	0	1	0	0	0	1	0	core_swadesh
rosettaproject_aqm_swadesh-1	aqm	Atohwaim	transcription	120	109	10	3	1	0	0	0	0	0	sahul_extended
rosettaproject_arb_swadesh-1	arb	Arabic, Standard	transcription	228	226	2	0	0	0	0	0	0	0	core_swadesh
rosettaproject_are_swadesh-1	are	Arrarnta, Western	transcription	204	177	19	1	6	0	0	0	6	1	lightly_extended
rosettaproject_arg_swadesh-1	arg	Aragonese	transcription	106	106	0	0	0	0	0	0	0	0	core_swadesh
rosettaproject_arq_swadesh-1	arq	Arabic, Algerian Spoken	transcription	105	104	1	0	0	0	0	0	0	0	core_swadesh
rosettaproject_arv_swadesh-1	arv	Arbore	transcription	91	91	0	0	0	0	0	0	0	0	core_swadesh
rosettaproject_arw_swadesh-1	arw	Arawak	transcription	245	239	6	0	2	0	0	0	0	0	core_swadesh
rosettaproject_arz_swadesh-1	arz	Arabic, Egyptian Spoken	transcription	100	100	0	0	0	0	0	0	0	0	core_swadesh
rosettaproject_asc_swadesh-1	asc	Asmat, Casuarina Coast	transcription	377	269	44	3	15	3	3	2	0	0	sahul_extended
rosettaproject_asd_swadesh-1	asd	Asas	transcription	340	270	40	4	13	4	3	2	0	0	sahul_extended
rosettaproject_asi_swadesh-1	asi	Buruwai	transcription	180	149	26	0	12	1	3	0	0	0	extended_worldwide
rosettaproject_aso_swadesh-1	aso	Dano	transcription	267	218	32	3	10	4	3	0	3	1	sahul_extended
rosettaproject_asv_swadesh-1	asv	Asoa	transcription	208	178	24	0	9	5	3	1	0	0	extended_worldwide
rosettaproject_asx_swadesh-1	asx	Muratayak	transcription	53	50	3	0	1	2	0	0	0	0	lightly_extended
rosettaproject_ata_swadesh-1	ata	Pele-Ata	transcription	283	252	25	2	7	4	3	0	1	0	sahul_extended
rosettaproject_ate_swadesh-1	ate	Atemble	transcription	397	314	41	4	13	4	3	2	0	0	sahul_extended
rosettaproject_auk_swadesh-1	auk	Heyo	transcription	54	52	2	0	1	0	0	0	0	0	core_swadesh
rosettaproject_aun_swadesh-1	aun	One, Molmo	transcription	60	58	2	0	1	0	0	0	0	0	core_swadesh
rosettaproject_auw_swadesh-1	auw	Awyi	transcription	643	543	50	4	16	3	4	2	3	1	sahul_extended
rosettaproject_auy_swadesh-1	auy	Awiyaana	transcription	693	551	55	4	16	6	3	2	4	1	sahul_extended
rosettaproject_ava_swadesh-1	ava	Avar	transcription	114	111	3	0	0	0	0	0	2	1	core_swadesh
rosettaproject_avl_swadesh-1	avl	Arabic, Eastern Egyptian Bedawi Spoken	transcription	100	100	0	0	0	0	0	0	0	0	core_swadesh
rosettaproject_avt_swadesh-1	avt	Au	transcription	176	152	18	0	1	2	4	0	3	1	extended_worldwide
rosettaproject_awb_swadesh-1	awb	Awa	transcription	611	486	55	5	16	6	3	2	3	1	sahul_extended
rosettaproject_awi_swadesh-1	awi	Aekyom	transcription	107	89	9	1	5	2	0	0	0	0	extended_worldwide
rosettaproject_awm_swadesh-1	awm	Arawum	transcription	359	280	40	4	13	4	3	2	0	0	sahul_extended
rosettaproject_awn_swadesh-1	awn	Awngi	transcription	97	94	3	0	0	0	0	0	0	0	core_swadesh
rosettaproject_awr_swadesh-1	awr	Awera	transcription	294	268	17	2	2	0	0	2	2	1	sahul_extended
rosettaproject_awx_swadesh-1	awx	Awara	transcription	48	46	2	0	0	2	0	0	0	0	lightly_extended
rosettaproject_aya_swadesh-1	aya	Awar	transcription	91	79	12	1	1	1	0	0	3	1	core_swadesh
rosettaproject_ayz_swadesh-1	ayz	Mai Brat	transcription	719	590	46	2	13	4	4	2	2	1	sahul_extended
rosettaproject_bam_swadesh-1	bam	Bamanankan	transcription	285	240	37	0	15	3	3	2	0	0	extended_worldwide
rosettaproject_ban_swadesh-1	ban	Bali	transcription	180	175	5	0	0	0	0	0	0	0	core_swadesh
rosettaproject_bbc_swadesh-1	bbc	Batak Toba	transcription	197	192	5	0	0	0	0	0	0	0	core_swadesh
rosettaproject_bbd_swadesh-1	bbd	Bau	transcription	390	303	44	4	13	4	3	2	3	1	sahul_extended
rosettaproject_bbf_swadesh-1	bbf	Baibai	transcription	280	237	28	3	5	4	3	0	4	1	sahul_extended
rosettaproject_bbl_swadesh-1	bbl	Bats	transcription	118	117	1	0	0	0	0	0	0	0	core_swadesh
rosettaproject_bbr_swadesh-1	bbr	Girawa	transcription	394	308	44	4	13	4	3	2	3	1	sahul_extended
rosettaproject_bdh_swadesh-1	bdh	Baka	transcription	24	24	0	0	0	0	0	0	0	0	core_swadesh
rosettaproject_bdi_swadesh-1	bdi	Burun	transcription	95	93	2	0	0	0	0	0	0	0	core_swadesh
rosettaproject_bdq_swadesh-1	bdq	Bahnar	transcription	91	90	1	0	0	0	0	0	0	0	core_swadesh
rosettaproject_bds_swadesh-1	bds	Burunge	transcription	188	158	27	0	11	2	3	1	0	0	extended_worldwide
rosettaproject_bdw_swadesh-1	bdw	Baham	transcription	351	280	41	1	14	2	4	2	3	1	extended_worldwide
rosettaproject_bdy_swadesh-1	bdy	Bandjalang	transcription	785	622	56	4	17	6	4	2	3	1	sahul_extended
rosettaproject_bef_swadesh-1	bef	Benabena	transcription	255	202	34	2	12	4	3	0	4	1	sahul_extended
rosettaproject_bej_swadesh-1	bej	Bedawiyet	transcription	130	120	5	0	0	2	0	0	0	0	lightly_extended
rosettaproject_beo_swadesh-1	beo	Beami	transcription	429	395	18	2	8	1	0	1	1	0	sahul_extended
rosettaproject_beu_swadesh-1	beu	Blagar	transcription	629	529	31	1	8	1	3	0	5	1	extended_worldwide
rosettaproject_bey_swadesh-1	bey	Beli	transcription	73	69	3	0	1	0	0	0	1	0	core_swadesh
rosettaproject_bfa_swadesh-1	bfa	Bari	transcription	11	10	1	0	0	0	0	0	0	0	core_swadesh
rosettaproject_bfn_swadesh-1	bfn	Bunak	transcription	305	262	27	0	7	4	2	1	4	1	extended_worldwide
rosettaproject_bfw_swadesh-1	bfw	Bondo	transcription	95	94	1	0	0	0	0	0	0	0	core_swadesh
rosettaproject_bgo_swadesh-1	bgo	Baga Koga	transcription	24	20	3	0	1	0	0	0	0	0	core_swadesh
rosettaproject_bgv_swadesh-1	bgv	Warkay-Bipim	transcription	109	97	10	3	1	0	0	0	0	0	sahul_extended
rosettaproject_bhf_swadesh-1	bhf	Odiai	transcription	573	468	33	3	8	4	3	0	6	1	sahul_extended
rosettaproject_bhg_swadesh-1	bhg	Binandere	transcription	740	597	61	3	17	6	4	2	7	1	sahul_extended
rosettaproject_bhl_swadesh-1	bhl	Bimin	transcription	45	41	3	0	2	0	0	0	0	0	core_swadesh
rosettaproject_bhq_swadesh-1	bhq	Tukang Besi South	transcription	232	231	1	0	0	0	0	0	0	0	core_swadesh
rosettaproject_bic_swadesh-1	bic	Bikaru	transcription	98	79	19	3	5	4	3	0	0	0	sahul_extended
rosettaproject_bie_swadesh-1	bie	Bepour	transcription	374	291	38	4	12	4	3	2	0	0	sahul_extended
rosettaproject_bif_swadesh-1	bif	Biafada	transcription	132	96	27	1	10	6	3	0	0	0	extended_worldwide
rosettaproject_bio_swadesh-1	bio	Nai	transcription	300	247	29	3	5	4	3	0	5	1	sahul_extended
rosettaproject_bir_swadesh-1	bir	Bisorio	transcription	254	216	19	3	5	4	3	0	0	0	sahul_extended
rosettaproject_bjc_swadesh-1	bjc	Bariji	transcription	32	30	2	0	1	0	0	0	0	0	core_swadesh
rosettaproject_bjd_swadesh-1	bjd	Bandjigali	transcription	103	79	15	2	1	3	0	0	4	1	sahul_extended
rosettaproject_bjg_swadesh-1	bjg	Bidyogo	transcription	323	247	29	1	10	6	3	0	0	0	extended_worldwide
rosettaproject_bjh_swadesh-1	bjh	Bahinemo	transcription	163	127	21	4	7	4	0	0	0	0	sahul_extended
rosettaproject_bji_swadesh-1	bji	Burji	transcription	142	134	4	0	0	0	0	0	0	0	core_swadesh
rosettaproject_bjr_swadesh-1	bjr	Binumarien	transcription	186	145	26	3	7	6	0	0	4	1	sahul_extended
rosettaproject_bjy_swadesh-1	bjy	Bayali	transcription	152	125	17	0	4	2	2	1	3	1	extended_worldwide
rosettaproject_bkc_swadesh-1	bkc	Baka	transcription	326	269	43	0	17	6	3	2	0	0	extended_worldwide
rosettaproject_bkl_swadesh-1	bkl	Berik	transcription	842	686	57	4	16	4	4	2	4	1	sahul_extended
rosettaproject_blb_swadesh-1	blb	Bilua	transcription	661	550	49	1	11	5	4	2	7	1	extended_worldwide
rosettaproject_ble_swadesh-1	ble	Balanta-Kentohe	transcription	136	100	27	1	10	6	3	0	0	0	extended_worldwide
rosettaproject_blr_swadesh-1	blr	Blang	transcription	98	97	1	0	0	0	0	0	0	0	core_swadesh
rosettaproject_bmd_swadesh-1	bmd	Baga Manduri	transcription	28	23	3	0	1	0	0	0	0	0	core_swadesh
rosettaproject_bmh_swadesh-1	bmh	Kein	transcription	357	278	43	4	12	4	3	2	3	1	sahul_extended
rosettaproject_bmi_swadesh-1	bmi	Bagirmi	transcription	241	203	33	0	13	4	2	1	0	0	extended_worldwide
rosettaproject_bmu_swadesh-1	bmu	Burum-Mindik	transcription	335	319	8	0	1	2	0	0	0	0	lightly_extended
rosettaproject_bmx_swadesh-1	bmx	Baimak	transcription	355	276	44	4	13	4	3	2	3	1	sahul_extended
rosettaproject_bnv_swadesh-1	bnv	Beneraf	transcription	105	101	4	0	1	0	0	0	0	0	core_swadesh
rosettaproject_bod_swadesh-1	bod	Tibetan, Central	transcription	139	139	0	0	0	0	0	0	0	0	core_swadesh
rosettaproject_boj_swadesh-1	boj	Anjam	transcription	357	278	41	4	13	4	3	2	0	0	sahul_extended
rosettaproject_bon_swadesh-1	bon	Bine	transcription	1263	1051	56	4	16	6	3	2	6	1	sahul_extended
rosettaproject_bop_swadesh-1	bop	Bonkiman	transcription	2	2	0	0	0	0	0	0	0	0	stub
rosettaproject_boq_swadesh-1	boq	Bogaya	transcription	308	297	6	2	2	0	0	0	1	0	sahul_extended
rosettaproject_bot_swadesh-1	bot	Bongo	transcription	62	62	0	0	0	0	0	0	0	0	core_swadesh
rosettaproject_bpi_swadesh-1	bpi	Bagupi	transcription	366	286	44	4	13	4	3	2	3	1	sahul_extended
rosettaproject_bpm_swadesh-1	bpm	Biyom	transcription	315	250	36	3	9	4	3	2	0	0	sahul_extended
rosettaproject_bpp_swadesh-1	bpp	Kaure	transcription	462	428	22	3	3	0	0	2	2	1	sahul_extended
rosettaproject_bps_swadesh-1	bps	Blaan, Sarangani	transcription	183	178	5	0	0	0	0	0	0	0	core_swadesh
rosettaproject_bpu_swadesh-1	bpu	Bongu	transcription	365	284	45	4	13	4	3	2	3	1	sahul_extended
rosettaproject_bpv_swadesh-1	bpv	Marind, Bian	transcription	142	113	25	0	12	4	1	0	0	0	extended_worldwide
rosettaproject_bpw_swadesh-1	bpw	Bo	transcription	337	262	32	4	8	4	3	0	5	1	sahul_extended
rosettaproject_bql_swadesh-1	bql	Bilakura	transcription	324	253	40	4	12	4	3	2	0	0	sahul_extended
rosettaproject_bqq_swadesh-1	bqq	Biritai	transcription	266	219	34	5	9	0	2	2	2	1	sahul_extended
rosettaproject_bqs_swadesh-1	bqs	Bosmun	transcription	120	100	19	1	1	3	3	0	3	1	extended_worldwide
rosettaproject_brh_swadesh-1	brh	Brahui	transcription	33	31	2	0	0	0	0	0	1	0	core_swadesh
rosettaproject_brp_swadesh-1	brp	Barapasi	transcription	53	50	3	0	1	0	0	0	0	0	core_swadesh
rosettaproject_brq_swadesh-1	brq	Breri	transcription	20	19	1	0	0	0	0	0	0	0	core_swadesh
rosettaproject_brv_swadesh-1	brv	Bru, Western	transcription	90	89	1	0	0	0	0	0	0	0	core_swadesh
rosettaproject_bsk_swadesh-1	bsk	Burushaski	transcription	1791	1458	51	0	17	6	4	2	0	0	extended_worldwide
rosettaproject_bsp_swadesh-1	bsp	Baga Sitemu	transcription	28	23	3	0	1	0	0	0	0	0	core_swadesh
rosettaproject_bst_swadesh-1	bst	Basketo	transcription	97	94	3	0	0	0	0	0	0	0	core_swadesh
rosettaproject_bsw_swadesh-1	bsw	Baiso	transcription	84	83	1	0	0	0	0	0	0	0	core_swadesh
rosettaproject_bug_swadesh-1	bug	Bugis	transcription	185	180	5	0	0	0	0	0	0	0	core_swadesh
rosettaproject_bul_swadesh-1	bul	Bulgarian	transcription	409	406	1	0	0	0	0	0	0	0	core_swadesh
rosettaproject_bun_swadesh-1	bun	Sherbro	transcription	423	339	41	1	13	6	3	2	0	0	extended_worldwide
rosettaproject_buo_swadesh-1	buo	Terei	transcription	399	329	32	1	1	5	3	2	5	1	extended_worldwide
rosettaproject_buq_swadesh-1	buq	Brem	transcription	343	274	38	4	12	3	3	2	0	0	sahul_extended
rosettaproject_but_swadesh-1	but	Bungain	transcription	157	119	30	3	7	4	3	0	6	1	sahul_extended
rosettaproject_buy_swadesh-1	buy	Bullom So	transcription	134	98	28	1	10	6	3	0	0	0	extended_worldwide
rosettaproject_bvn_swadesh-1	bvn	Buna	transcription	312	254	27	3	7	3	3	0	5	1	sahul_extended
rosettaproject_bvr_swadesh-1	bvr	Burarra	transcription	395	308	52	5	16	6	4	2	4	1	sahul_extended
rosettaproject_bvz_swadesh-1	bvz	Bauzi	transcription	460	384	42	5	11	3	2	2	2	1	sahul_extended
rosettaproject_bwk_swadesh-1	bwk	Bauwaki	transcription	71	64	3	0	2	0	0	0	0	0	core_swadesh
rosettaproject_bwo_swadesh-1	bwo	Borna	transcription	100	94	6	0	1	2	0	0	0	0	lightly_extended
rosettaproject_bxe_swadesh-1	bxe	Ongota	transcription	414	330	42	2	16	5	4	2	0	0	sahul_extended
rosettaproject_bxi_swadesh-1	bxi	Pirlatapa	transcription	32	25	5	1	0	2	1	1	0	0	lightly_extended
rosettaproject_bxz_swadesh-1	bxz	Binahari	transcription	164	145	14	1	5	0	1	0	3	1	lightly_extended
rosettaproject_bye_swadesh-1	bye	Pouye	transcription	73	71	2	0	1	0	0	0	0	0	core_swadesh
rosettaproject_bym_swadesh-1	bym	Bidyara	transcription	265	211	33	3	10	4	3	1	3	1	sahul_extended
rosettaproject_byn_swadesh-1	byn	Bilen	transcription	96	93	3	0	0	0	0	0	0	0	core_swadesh
rosettaproject_byr_swadesh-1	byr	Baruya	transcription	101	98	3	0	1	0	0	0	1	0	core_swadesh
rosettaproject_byt_swadesh-1	byt	Berti	transcription	212	162	36	0	15	5	3	2	0	0	extended_worldwide
rosettaproject_byx_swadesh-1	byx	Qaqet	transcription	364	297	34	1	8	6	2	2	4	1	extended_worldwide
rosettaproject_byz_swadesh-1	byz	Banaro	transcription	201	175	17	3	3	2	0	0	5	1	sahul_extended
rosettaproject_bzf_swadesh-1	bzf	Boikin	transcription	575	506	23	0	8	2	0	0	4	1	extended_worldwide
rosettaproject_bzh_swadesh-1	bzh	Buang, Mapos	transcription	181	176	5	0	0	0	0	0	0	0	core_swadesh
rosettaproject_bzp_swadesh-1	bzp	Kemberano	transcription	628	476	54	3	14	4	4	2	6	1	sahul_extended
rosettaproject_bzr_swadesh-1	bzr	Biri	transcription	291	223	36	4	9	4	4	2	3	1	sahul_extended
rosettaproject_bzu_swadesh-1	bzu	Burmeso	transcription	316	231	28	2	17	1	0	0	0	0	sahul_extended
rosettaproject_caa_swadesh-1	caa	Ch'orti'	transcription	144	144	0	0	0	0	0	0	0	0	core_swadesh
rosettaproject_cac_swadesh-1	cac	Chuj	transcription	142	142	0	0	0	0	0	0	0	0	core_swadesh
rosettaproject_cae_swadesh-1	cae	Laalaa	transcription	135	131	4	0	1	0	0	0	0	0	core_swadesh
rosettaproject_cak_swadesh-1	cak	Kaqchikel	transcription	143	143	0	0	0	0	0	0	0	0	core_swadesh
rosettaproject_can_swadesh-1	can	Chambri	transcription	227	187	18	2	3	2	2	0	3	1	sahul_extended
rosettaproject_car_swadesh-1	car	Carib	transcription	224	213	8	0	2	0	0	0	0	0	core_swadesh
rosettaproject_cat_swadesh-1	cat	Catalan-Valencian-Balear	transcription	150	149	1	0	0	0	0	0	0	0	core_swadesh
rosettaproject_ccp_swadesh-1	ccp	Chakma	transcription	100	100	0	0	0	0	0	0	0	0	core_swadesh
rosettaproject_ceb_swadesh-1	ceb	Cebuano	transcription	248	247	1	0	0	0	0	0	0	0	core_swadesh
rosettaproject_ces_swadesh-1	ces	Czech	transcription	119	119	0	0	0	0	0	0	0	0	core_swadesh
rosettaproject_cgc_swadesh-1	cgc	Kagayanen	transcription	183	178	5	0	0	0	0	0	0	0	core_swadesh
rosettaproject_che_swadesh-1	che	Chechen	transcription	115	114	1	0	0	0	0	0	0	0	core_swadesh
rosettaproject_chr_swadesh-1	chr	Cherokee	transcription	35	35	0	0	0	0	0	0	0	0	core_swadesh
rosettaproject_chy_swadesh-1	chy	Cheyenne	transcription	188	187	1	0	0	0	0	0	0	0	core_swadesh
rosettaproject_cji_swadesh-1	cji	Chamalal	transcription	115	112	3	0	0	0	0	0	2	1	core_swadesh
rosettaproject_cjn_swadesh-1	cjn	Chenapian	transcription	15	10	4	0	0	0	0	0	3	1	core_swadesh
rosettaproject_cjv_swadesh-1	cjv	Chuave	transcription	200	171	20	2	3	2	1	0	3	1	sahul_extended
rosettaproject_cmn_swadesh-2	cmn	Chinese, Mandarin	transcription	101	101	0	0	0	0	0	0	0	0	core_swadesh
rosettaproject_cns_swadesh-1	cns	Asmat, Central	transcription	847	608	48	3	16	4	4	2	0	0	sahul_extended
rosettaproject_cog_swadesh-1	cog	Chong	transcription	94	94	0	0	0	0	0	0	0	0	core_swadesh
rosettaproject_cra_swadesh-1	cra	Chara	transcription	61	58	3	0	0	0	0	0	0	0	core_swadesh
rosettaproject_crk_swadesh-1	crk	Cree, Plains	transcription	183	182	1	0	0	0	0	0	0	0	core_swadesh
rosettaproject_crw_swadesh-1	crw	Chrau	transcription	89	88	1	0	0	0	0	0	0	0	core_swadesh
rosettaproject_css_swadesh-1	css	Ohlone, Southern	transcription	96	96	0	0	0	0	0	0	0	0	core_swadesh
rosettaproject_dad_swadesh-1	dad	Marik	transcription	182	177	5	0	0	0	0	0	0	0	core_swadesh
rosettaproject_daj_swadesh-1	daj	Daju, Dar Fur	transcription	320	301	10	0	2	1	0	0	0	0	core_swadesh
rosettaproject_dal_swadesh-1	dal	Dahalo	transcription	225	190	30	1	12	2	2	2	0	0	extended_worldwide
rosettaproject_dan_swadesh-1	dan	Danish	transcription	226	220	1	0	0	0	0	0	0	0	core_swadesh
rosettaproject_dar_swadesh-1	dar	Dargwa	transcription	215	213	1	0	0	0	0	0	0	0	core_swadesh
rosettaproject_dau_swadesh-1	dau	Daju, Dar Sila	transcription	177	165	12	0	2	1	0	0	2	1	core_swadesh
rosettaproject_dax_swadesh-1	dax	Dayi	transcription	261	196	52	5	15	6	3	2	6	1	sahul_extended
rosettaproject_dba_swadesh-1	dba	Bangi Me	transcription	94	88	4	0	1	0	0	0	0	0	core_swadesh
rosettaproject_dbe_swadesh-1	dbe	Dabe	transcription	84	81	3	0	0	0	0	0	0	0	core_swadesh
rosettaproject_dbf_swadesh-1	dbf	Edopi	transcription	248	219	24	5	2	0	0	2	2	1	sahul_extended
rosettaproject_dbl_swadesh-1	dbl	Dyirbal	transcription	262	211	23	3	4	3	3	0	3	1	sahul_extended
rosettaproject_ddg_swadesh-1	ddg	Fataluku	transcription	397	329	36	0	9	4	3	0	1	0	extended_worldwide
rosettaproject_ddj_swadesh-1	ddj	Jaru	transcription	222	170	28	3	3	4	3	1	6	1	sahul_extended
rosettaproject_ddo_swadesh-1	ddo	Dido	transcription	117	116	1	0	0	0	0	0	0	0	core_swadesh
rosettaproject_dec_swadesh-1	dec	Dagik	transcription	149	135	12	0	4	3	0	0	2	1	extended_worldwide
rosettaproject_ded_swadesh-1	ded	Dedua	transcription	223	208	10	0	1	2	0	0	3	1	lightly_extended
rosettaproject_deg_swadesh-1	deg	Degema	transcription	110	110	0	0	0	0	0	0	0	0	core_swadesh
rosettaproject_dei_swadesh-1	dei	Demisa	transcription	131	114	13	2	2	0	0	2	0	0	sahul_extended
rosettaproject_dem_swadesh-1	dem	Dem	transcription	235	213	21	3	6	2	0	2	0	0	sahul_extended
rosettaproject_deu_swadesh-1	deu	German, Standard	transcription	242	240	2	0	1	0	0	0	0	0	core_swadesh
rosettaproject_dev_swadesh-1	dev	Domung	transcription	51	48	3	0	1	2	0	0	0	0	lightly_extended
rosettaproject_dge_swadesh-1	dge	Degenan	transcription	51	48	3	0	1	2	0	0	0	0	lightly_extended
rosettaproject_dgh_swadesh-1	dgh	Dghwede	transcription	69	68	1	0	0	0	0	0	0	0	core_swadesh
rosettaproject_dgz_swadesh-1	dgz	Daga	transcription	278	240	24	0	5	4	4	0	0	0	extended_worldwide
rosettaproject_dhg_swadesh-1	dhg	Dhangu	transcription	634	494	52	5	15	6	3	2	6	1	sahul_extended
rosettaproject_dhu_swadesh-1	dhu	Dhurga	transcription	120	83	21	3	3	1	3	1	6	1	sahul_extended
rosettaproject_dia_swadesh-1	dia	Dia	transcription	126	121	3	0	1	0	0	0	1	0	core_swadesh
rosettaproject_dif_swadesh-1	dif	Dieri	transcription	331	262	39	2	9	4	4	0	6	1	sahul_extended
rosettaproject_dih_swadesh-1	dih	Kumiai	transcription	13	13	0	0	0	0	0	0	0	0	core_swadesh
rosettaproject_dim_swadesh-1	dim	Dime	transcription	115	106	9	0	1	1	1	0	0	0	core_swadesh
rosettaproject_djb_swadesh-1	djb	Djinba	transcription	236	180	44	4	15	6	3	2	0	0	sahul_extended
rosettaproject_djd_swadesh-1	djd	Djamindjung	transcription	99	64	10	1	1	1	0	0	6	1	core_swadesh
rosettaproject_dje_swadesh-1	dje	Zarma	transcription	243	200	33	0	9	5	3	1	0	0	extended_worldwide
rosettaproject_dji_swadesh-1	dji	Djinang	transcription	395	320	49	5	15	6	4	2	1	0	sahul_extended
rosettaproject_djj_swadesh-1	djj	Djeebbana	transcription	548	420	56	5	17	6	4	2	6	1	sahul_extended
rosettaproject_djn_swadesh-1	djn	Djauan	transcription	242	183	46	5	14	6	4	2	0	0	sahul_extended
rosettaproject_djr_swadesh-1	djr	Djambarrpuyngu	transcription	29	20	9	2	0	0	0	0	6	1	sahul_extended
rosettaproject_dju_swadesh-1	dju	Kapriman	transcription	167	135	19	4	6	4	0	0	0	0	sahul_extended
rosettaproject_dmc_swadesh-1	dmc	Dimir	transcription	392	319	39	4	12	4	3	2	0	0	sahul_extended
rosettaproject_dmu_swadesh-1	dmu	Tebi	transcription	327	308	7	0	1	0	0	0	1	0	core_swadesh
rosettaproject_dmy_swadesh-1	dmy	Sowari	transcription	450	337	48	3	15	2	4	2	4	1	sahul_extended
rosettaproject_dna_swadesh-1	dna	Dani, Upper Grand Valley	transcription	67	66	1	0	1	0	0	0	0	0	core_swadesh
rosettaproject_dnd_swadesh-1	dnd	Daonda	transcription	176	153	15	1	5	1	0	0	0	0	lightly_extended
rosettaproject_dni_swadesh-1	dni	Dani, Lower Grand Valley	transcription	285	270	9	0	2	2	0	0	0	0	lightly_extended
rosettaproject_dnr_swadesh-1	dnr	Danaru	transcription	374	299	40	4	13	4	3	2	0	0	sahul_extended
rosettaproject_dnt_swadesh-1	dnt	Dani, Mid Grand Valley	transcription	268	242	17	0	7	0	0	0	2	1	lightly_extended
rosettaproject_dnw_swadesh-1	dnw	Dani, Western	transcription	642	571	41	3	11	4	4	2	2	1	sahul_extended
rosettaproject_doa_swadesh-1	doa	Dom	transcription	209	174	16	2	1	3	3	0	1	0	sahul_extended
rosettaproject_dof_swadesh-1	dof	Domu	transcription	146	128	16	1	6	0	1	0	3	1	lightly_extended
rosettaproject_dol_swadesh-1	dol	Doso	transcription	107	100	5	2	2	0	0	0	0	0	sahul_extended
rosettaproject_doo_swadesh-1	doo	Dongo	transcription	223	188	30	0	12	3	1	2	0	0	extended_worldwide
rosettaproject_dox_swadesh-1	dox	Bussa	transcription	95	92	3	0	0	0	0	0	0	0	core_swadesh
rosettaproject_doz_swadesh-1	doz	Dorze	transcription	97	94	3	0	0	0	0	0	0	0	core_swadesh
rosettaproject_drl_swadesh-1	drl	Darling	transcription	370	295	47	2	17	4	3	2	3	1	sahul_extended
rosettaproject_drr_swadesh-1	drr	Dororo	transcription	18	15	3	1	0	0	0	0	0	0	core_swadesh
rosettaproject_dru_swadesh-1	dru	Rukai	transcription	183	178	5	0	0	0	0	0	0	0	core_swadesh
rosettaproject_dsh_swadesh-1	dsh	Daasanach	transcription	176	169	6	0	0	0	0	0	2	1	core_swadesh
rosettaproject_dsq_swadesh-1	dsq	Tadaksahak	transcription	175	174	1	0	0	0	0	0	0	0	core_swadesh
rosettaproject_duc_swadesh-1	duc	Duna	transcription	135	128	6	2	2	0	0	0	1	0	sahul_extended
rosettaproject_duj_swadesh-1	duj	Dhuwal	transcription	551	431	57	5	17	6	4	2	5	1	sahul_extended
rosettaproject_duk_swadesh-1	duk	Duduela	transcription	356	280	43	4	13	4	3	2	3	1	sahul_extended
rosettaproject_duv_swadesh-1	duv	Duvle	transcription	388	334	32	3	10	1	0	2	2	1	sahul_extended
rosettaproject_dyo_swadesh-1	dyo	Jola-Fonyi	transcription	368	285	32	1	10	6	3	0	1	0	extended_worldwide
rosettaproject_dyy_swadesh-1	dyy	Dyaabugay	transcription	329	261	46	5	15	4	4	2	0	0	sahul_extended
rosettaproject_dzg_swadesh-1	dzg	Dazaga	transcription	325	264	47	2	17	5	4	1	0	0	sahul_extended
rosettaproject_eip_swadesh-1	eip	Eipomek	transcription	326	271	38	2	12	3	4	2	0	0	sahul_extended
rosettaproject_eit_swadesh-1	eit	Eitiep	transcription	20	20	0	0	0	0	0	0	0	0	core_swadesh
rosettaproject_eiv_swadesh-1	eiv	Askopan	transcription	149	126	23	0	6	4	3	0	4	1	extended_worldwide
rosettaproject_ekg_swadesh-1	ekg	Ekari	transcription	1230	949	62	3	17	6	4	2	6	1	sahul_extended
rosettaproject_ele_swadesh-1	ele	Elepi	transcription	175	147	21	2	5	3	2	1	3	1	sahul_extended
rosettaproject_eli_swadesh-1	eli	Nding	transcription	199	188	10	0	2	2	0	0	0	0	lightly_extended
rosettaproject_elk_swadesh-1	elk	Elkei	transcription	67	64	3	0	1	0	0	0	1	0	core_swadesh
rosettaproject_ell_swadesh-1	ell	Greek	transcription	207	206	1	0	0	0	0	0	0	0	core_swadesh
rosettaproject_ena_swadesh-1	ena	Apali	transcription	412	335	40	4	13	4	3	2	0	0	sahul_extended
rosettaproject_eng_swadesh-2	eng	rosettaproject_eng_swadesh-1	gloss-only	207	207	0	0	0	0	0	0	0	0	core_swadesh
rosettaproject_enq_swadesh-1	enq	Enga	transcription	723	611	29	3	6	4	3	0	5	1	sahul_extended
rosettaproject_enr_swadesh-1	enr	Emem	transcription	214	200	7	0	1	0	0	0	1	0	core_swadesh
rosettaproject_epo_swadesh-1	epo	Esperanto	transcription	211	210	1	0	0	0	0	0	0	0	core_swadesh
rosettaproject_eri_swadesh-1	eri	Ogea	transcription	382	290	44	4	13	4	3	2	3	1	sahul_extended
rosettaproject_ert_swadesh-1	ert	Eritai	transcription	250	212	26	1	9	0	2	2	0	0	extended_worldwide
rosettaproject_etr_swadesh-1	etr	Edolo	transcription	170	162	6	2	3	0	0	0	0	0	sahul_extended
rosettaproject_etz_swadesh-1	etz	Semimi	transcription	197	159	35	0	12	2	4	2	1	0	extended_worldwide
rosettaproject_eus_swadesh-1	eus	Basque	transcription	174	173	1	0	0	0	0	0	0	0	core_swadesh
rosettaproject_faa_swadesh-1	faa	Fasu	transcription	397	338	35	2	11	2	1	1	5	1	sahul_extended
rosettaproject_fad_swadesh-1	fad	Wagi	transcription	360	278	44	4	13	4	3	2	3	1	sahul_extended
rosettaproject_fag_swadesh-1	fag	Finongan	transcription	52	49	3	0	1	2	0	0	0	0	lightly_extended
rosettaproject_fai_swadesh-1	fai	Faiwol	transcription	119	104	9	1	3	2	0	0	0	0	extended_worldwide
rosettaproject_faj_swadesh-1	faj	Faita	transcription	321	260	37	4	11	4	3	0	0	0	sahul_extended
rosettaproject_fao_swadesh-1	fao	Faroese	transcription	60	59	1	0	0	0	0	0	0	0	core_swadesh
rosettaproject_fap_swadesh-1	fap	Palor	transcription	133	129	4	0	1	0	0	0	0	0	core_swadesh
rosettaproject_fau_swadesh-1	fau	Fayu	transcription	293	258	21	5	4	0	0	1	2	1	sahul_extended
rosettaproject_fgr_swadesh-1	fgr	Fongoro	transcription	50	50	0	0	0	0	0	0	0	0	core_swadesh
rosettaproject_fij_swadesh-1	fij	Fijian	transcription	184	179	5	0	0	0	0	0	0	0	core_swadesh
rosettaproject_fin_swadesh-1	fin	Finnish	transcription	210	208	1	0	0	0	0	0	0	0	core_swadesh
rosettaproject_flh_swadesh-1	flh	Foau	transcription	42	41	1	0	1	0	0	0	0	0	core_swadesh
rosettaproject_foi_swadesh-1	foi	Foi	transcription	621	516	49	4	13	6	4	0	7	1	sahul_extended
rosettaproject_for_swadesh-1	for	Fore	transcription	232	196	27	2	6	4	4	0	4	1	sahul_extended
rosettaproject_fqs_swadesh-1	fqs	Fas	transcription	322	273	30	3	5	4	3	0	5	1	sahul_extended
rosettaproject_fra_swadesh-3	fra	French	transcription	247	245	1	0	0	0	0	0	0	0	core_swadesh
rosettaproject_fuc_swadesh-1	fuc	Pulaar	transcription	164	163	1	0	0	0	0	0	0	0	core_swadesh
rosettaproject_fuj_swadesh-1	fuj	Ko	transcription	298	275	15	0	4	2	0	0	2	1	extended_worldwide
rosettaproject_fuv_swadesh-1	fuv	Fulfulde, Nigerian	transcription	133	98	28	1	10	6	3	0	0	0	extended_worldwide
rosettaproject_fuy_swadesh-1	fuy	Fuyug	transcription	596	450	48	2	17	5	4	0	4	1	sahul_extended
rosettaproject_fvr_swadesh-1	fvr	Fur	transcription	478	406	44	2	14	6	3	2	0	0	sahul_extended
rosettaproject_gaf_swadesh-1	gaf	Gende	transcription	351	291	31	3	7	4	4	0	4	1	sahul_extended
rosettaproject_gag_swadesh-1	gag	Gagauz	transcription	200	199	1	0	0	0	0	0	0	0	core_swadesh
rosettaproject_gah_swadesh-1	gah	Alekano	transcription	389	307	32	2	10	4	3	0	4	1	sahul_extended
rosettaproject_gai_swadesh-1	gai	Mbore	transcription	101	84	15	1	1	1	3	0	2	1	lightly_extended
rosettaproject_gao_swadesh-1	gao	Gants	transcription	7	6	1	0	0	0	0	0	0	0	stub
rosettaproject_gap_swadesh-1	gap	Gal	transcription	350	274	43	4	12	4	3	2	3	1	sahul_extended
rosettaproject_gaw_swadesh-1	gaw	Nobonob	transcription	327	249	44	4	13	4	3	2	3	1	sahul_extended
rosettaproject_gax_swadesh-1	gax	Oromo, Borana-Arsi-Guji	transcription	97	94	3	0	0	0	0	0	0	0	core_swadesh
rosettaproject_gaz_swadesh-1	gaz	Oromo, West Central	transcription	115	112	3	0	0	0	0	0	0	0	core_swadesh
rosettaproject_gbb_swadesh-1	gbb	Kaytetye	transcription	100	83	17	1	8	0	1	0	4	1	lightly_extended
rosettaproject_gbc_swadesh-1	gbc	Garawa	transcription	263	220	32	5	5	6	4	1	6	1	sahul_extended
rosettaproject_gbd_swadesh-1	gbd	Karadjeri	transcription	108	86	15	2	0	3	1	0	6	1	sahul_extended
rosettaproject_gbe_swadesh-1	gbe	Niksek	transcription	310	260	25	3	5	4	3	0	4	1	sahul_extended
rosettaproject_gbi_swadesh-1	gbi	Galela	transcription	755	610	54	2	16	6	4	1	2	1	sahul_extended
rosettaproject_gbp_swadesh-1	gbp	Gbaya-Bossangoa	transcription	292	250	31	0	9	5	3	2	0	0	extended_worldwide
rosettaproject_gbu_swadesh-1	gbu	Gagadu	transcription	514	391	52	5	16	6	3	2	3	1	sahul_extended
rosettaproject_gcn_swadesh-1	gcn	Gaina	transcription	14	14	0	0	0	0	0	0	0	0	core_swadesh
rosettaproject_gdb_swadesh-1	gdb	Gadaba, Pottangi Ollar	transcription	74	71	3	0	0	0	0	0	2	1	core_swadesh
rosettaproject_gdh_swadesh-1	gdh	Gadjerawang	transcription	16	14	2	1	0	0	0	0	0	0	core_swadesh
rosettaproject_gdl_swadesh-1	gdl	Dirasha	transcription	96	93	3	0	0	0	0	0	0	0	core_swadesh
rosettaproject_gdn_swadesh-1	gdn	Umanakaina	transcription	91	85	3	0	1	1	0	0	0	0	core_swadesh
rosettaproject_gdr_swadesh-1	gdr	Wipi	transcription	1232	1112	54	3	16	5	4	1	5	1	sahul_extended
rosettaproject_geb_swadesh-1	geb	Kire	transcription	447	352	51	5	17	2	4	1	4	1	sahul_extended
rosettaproject_gez_swadesh-1	gez	Geez	transcription	110	104	5	0	1	0	1	0	0	0	core_swadesh
rosettaproject_gft_swadesh-1	gft	Gafat	transcription	88	85	3	0	0	0	0	0	0	0	core_swadesh
rosettaproject_ggd_swadesh-1	ggd	Gugadj	transcription	94	67	9	1	0	1	0	0	6	1	core_swadesh
rosettaproject_gge_swadesh-1	gge	Guragone	transcription	272	200	51	5	15	6	3	1	6	1	sahul_extended
rosettaproject_ggk_swadesh-1	ggk	Kungarakany	transcription	253	186	41	5	12	6	4	1	3	1	sahul_extended
rosettaproject_ggl_swadesh-1	ggl	Ganglau	transcription	358	276	43	4	12	4	3	2	3	1	sahul_extended
rosettaproject_ggw_swadesh-1	ggw	Gogodala	transcription	768	606	57	3	17	6	3	2	5	1	sahul_extended
rosettaproject_ghs_swadesh-1	ghs	Guhu-Samane	transcription	63	50	13	0	0	1	3	0	5	1	lightly_extended
rosettaproject_gia_swadesh-1	gia	Kitja	transcription	28	22	3	2	0	0	0	0	0	0	sahul_extended
rosettaproject_gil_swadesh-1	gil	Kiribati	transcription	183	178	5	0	0	0	0	0	0	0	core_swadesh
rosettaproject_gim_swadesh-1	gim	Gimi	transcription	171	141	25	2	5	4	3	0	4	1	sahul_extended
rosettaproject_gin_swadesh-1	gin	Hinukh	transcription	111	110	1	0	0	0	0	0	0	0	core_swadesh
rosettaproject_gla_swadesh-1	gla	Gaelic, Scottish	transcription	263	260	3	0	0	0	0	0	0	0	core_swadesh
rosettaproject_gle_swadesh-1	gle	Gaelic, Irish	transcription	211	210	1	0	0	0	0	0	0	0	core_swadesh
rosettaproject_glg_swadesh-1	glg	Galician	transcription	212	211	1	0	0	0	0	0	0	0	core_swadesh
rosettaproject_gli_swadesh-1	gli	Guliguli	transcription	41	32	7	1	1	0	0	0	1	0	core_swadesh
rosettaproject_gly_swadesh-1	gly	Gule	transcription	127	116	11	0	0	2	0	0	1	0	lightly_extended
rosettaproject_gma_swadesh-1	gma	Gambera	transcription	19	16	3	2	0	0	0	0	0	0	sahul_extended
rosettaproject_gmu_swadesh-1	gmu	Gumalu	transcription	372	287	44	4	13	4	3	2	3	1	sahul_extended
rosettaproject_gni_swadesh-1	gni	Gooniyandi	transcription	253	194	47	4	16	5	3	2	6	1	sahul_extended
rosettaproject_gnl_swadesh-1	gnl	Gangulu	transcription	260	212	30	3	8	4	3	0	3	1	sahul_extended
rosettaproject_gnn_swadesh-1	gnn	Gumatj	transcription	235	179	49	4	15	6	3	2	6	1	sahul_extended
rosettaproject_gno_swadesh-1	gno	Gondi, Northern	transcription	82	80	2	0	0	0	0	0	1	0	core_swadesh
rosettaproject_gnr_swadesh-1	gnr	Gureng Gureng	transcription	425	340	39	3	10	6	3	2	3	1	sahul_extended
rosettaproject_gnu_swadesh-1	gnu	Gnau	transcription	1	1	0	0	0	0	0	0	0	0	stub
rosettaproject_goi_swadesh-1	goi	Gobasi	transcription	617	590	9	2	2	2	0	0	1	0	sahul_extended
rosettaproject_gol_swadesh-1	gol	Gola	transcription	79	58	17	1	10	5	0	0	0	0	extended_worldwide
rosettaproject_gor_swadesh-1	gor	Gorontalo	transcription	363	353	5	0	0	0	0	0	0	0	core_swadesh
rosettaproject_gow_swadesh-1	gow	Gorowa	transcription	104	88	14	0	5	2	3	0	0	0	extended_worldwide
rosettaproject_gpn_swadesh-1	gpn	Taiap	transcription	272	208	35	5	13	3	4	2	0	0	sahul_extended
rosettaproject_gsn_swadesh-1	gsn	Gusan	transcription	53	50	3	0	1	2	0	0	0	0	lightly_extended
rosettaproject_gsp_swadesh-1	gsp	Wasembo	transcription	350	297	30	2	5	4	3	0	6	1	sahul_extended
rosettaproject_guf_swadesh-1	guf	Gupapuyngu	transcription	487	370	52	5	15	6	3	2	6	1	sahul_extended
rosettaproject_guj_swadesh-1	guj	Gujarati	transcription	71	70	1	0	0	0	0	0	0	0	core_swadesh
rosettaproject_guk_swadesh-1	guk	Gumuz	transcription	875	846	7	0	0	2	0	0	2	1	lightly_extended
rosettaproject_gup_swadesh-1	gup	Gunwinggu	transcription	439	344	52	5	15	6	4	2	5	1	sahul_extended
rosettaproject_guz_swadesh-1	guz	Ekegusii	transcription	79	79	0	0	0	0	0	0	0	0	core_swadesh
rosettaproject_gvf_swadesh-1	gvf	Golin	transcription	39	36	3	1	0	1	0	0	0	0	core_swadesh
rosettaproject_gvn_swadesh-1	gvn	Kuku-Yalanji	transcription	119	95	15	5	1	2	3	0	4	1	sahul_extended
rosettaproject_gvr_swadesh-1	gvr	Gurung, Western	transcription	113	113	0	0	0	0	0	0	0	0	core_swadesh
rosettaproject_gwd_swadesh-1	gwd	Gawwada	transcription	460	417	30	0	12	4	3	2	0	0	extended_worldwide
rosettaproject_gwu_swadesh-1	gwu	Guwamu	transcription	84	74	10	2	6	0	0	0	1	0	sahul_extended
rosettaproject_gww_swadesh-1	gww	Kwini	transcription	18	15	3	2	0	0	0	0	0	0	sahul_extended
rosettaproject_gyb_swadesh-1	gyb	Garus	transcription	373	293	43	4	13	4	3	2	3	1	sahul_extended
rosettaproject_gyy_swadesh-1	gyy	Gunya	transcription	276	202	46	2	16	5	3	2	4	1	sahul_extended
rosettaproject_gza_swadesh-1	gza	Ganza	transcription	97	94	3	0	0	0	0	0	0	0	core_swadesh
rosettaproject_had_swadesh-1	had	Hatam	transcription	581	488	48	2	16	3	4	2	3	1	sahul_extended
rosettaproject_hae_swadesh-1	hae	Oromo, Eastern	transcription	98	95	3	0	0	0	0	0	0	0	core_swadesh
rosettaproject_ham_swadesh-1	ham	Hewa	transcription	260	196	31	3	7	5	4	1	5	1	sahul_extended
rosettaproject_har_swadesh-1	har	Harari	transcription	248	245	3	0	0	0	0	0	0	0	core_swadesh
rosettaproject_hat_swadesh-1	hat	Haitian	transcription	208	198	7	0	2	0	0	0	0	0	core_swadesh
rosettaproject_hbn_swadesh-1	hbn	Heiban	transcription	447	414	19	0	6	2	0	0	3	1	extended_worldwide
rosettaproject_hbo_swadesh-1	hbo	Hebrew, Ancient	transcription	141	115	18	0	7	2	2	0	0	0	extended_worldwide
rosettaproject_hdy_swadesh-1	hdy	Hadiyya	transcription	141	131	7	0	0	2	0	0	0	0	lightly_extended
rosettaproject_hih_swadesh-1	hih	Pamosu	transcription	348	275	38	4	12	4	3	2	0	0	sahul_extended
rosettaproject_hil_swadesh-1	hil	Hiligaynon	transcription	210	208	1	0	0	0	0	0	0	0	core_swadesh
rosettaproject_hin_swadesh-2	hin	Hindi	transcription	125	125	0	0	0	0	0	0	0	0	core_swadesh
rosettaproject_hmt_swadesh-1	hmt	Hamtai	transcription	120	113	7	1	2	0	0	0	1	0	core_swadesh
rosettaproject_hts_swadesh-1	hts	Hadza	transcription	262	230	22	1	8	2	0	0	0	0	extended_worldwide
rosettaproject_huf_swadesh-1	huf	Humene	transcription	440	370	36	2	14	5	4	0	1	0	sahul_extended
rosettaproject_hui_swadesh-1	hui	Huli	transcription	469	374	46	4	13	6	4	0	5	1	sahul_extended
rosettaproject_hun_swadesh-1	hun	Hungarian	transcription	221	220	1	0	0	0	0	0	0	0	core_swadesh
rosettaproject_hun_swadesh-2	hun	rosettaproject_hun_swadesh-1	translation	202	202	0	0	0	0	0	0	0	0	core_swadesh
rosettaproject_huz_swadesh-1	huz	Hunzib	transcription	114	113	1	0	0	0	0	0	0	0	core_swadesh
rosettaproject_hye_swadesh-1	hye	Armenian	transcription	81	81	0	0	0	0	0	0	0	0	core_swadesh
rosettaproject_ian_swadesh-1	ian	Iatmul	transcription	509	432	38	3	12	4	4	0	4	1	sahul_extended
rosettaproject_iar_swadesh-1	iar	Purari	transcription	483	386	54	3	17	6	3	1	5	1	sahul_extended
rosettaproject_ibd_swadesh-1	ibd	Iwaidja	transcription	342	266	49	5	14	6	4	2	3	1	sahul_extended
rosettaproject_ibu_swadesh-1	ibu	Ibu	transcription	25	21	4	0	0	2	0	0	0	0	lightly_extended
rosettaproject_idi_swadesh-1	idi	Idi	transcription	80	62	16	3	7	0	0	0	0	0	sahul_extended
rosettaproject_ihp_swadesh-1	ihp	Iha	transcription	767	610	53	3	16	3	4	2	3	1	sahul_extended
rosettaproject_ikx_swadesh-1	ikx	Ik	transcription	110	106	4	0	1	0	0	0	2	1	core_swadesh
rosettaproject_imi_swadesh-1	imi	Anamgura	transcription	388	312	40	4	13	3	3	2	0	0	sahul_extended
rosettaproject_imn_swadesh-1	imn	Imonda	transcription	315	266	30	2	6	4	3	0	0	0	sahul_extended
rosettaproject_imo_swadesh-1	imo	Imbongu	transcription	132	114	12	2	1	3	0	0	0	0	sahul_extended
rosettaproject_iou_swadesh-1	iou	Tuma-Irumu	transcription	50	48	2	0	1	1	0	0	0	0	core_swadesh
rosettaproject_ipo_swadesh-1	ipo	Ipiko	transcription	252	221	26	3	9	2	0	0	5	1	sahul_extended
rosettaproject_irh_swadesh-1	irh	Irarutu	transcription	177	172	5	0	0	0	0	0	0	0	core_swadesh
rosettaproject_irk_swadesh-1	irk	Iraqw	transcription	454	385	37	0	15	5	3	2	0	0	extended_worldwide
rosettaproject_irx_swadesh-1	irx	Kamberau	transcription	218	169	38	2	12	1	4	2	0	0	sahul_extended
rosettaproject_isa_swadesh-1	isa	Isabi	transcription	274	215	34	4	10	4	3	0	0	0	sahul_extended
rosettaproject_isd_swadesh-1	isd	Isnag	transcription	184	179	5	0	0	0	0	0	0	0	core_swadesh
rosettaproject_isl_swadesh-1	isl	Icelandic	transcription	177	176	1	0	0	0	0	0	0	0	core_swadesh
rosettaproject_ita_swadesh-1	ita	Italian	transcription	281	277	1	0	0	0	0	0	0	0	core_swadesh
rosettaproject_itr_swadesh-1	itr	Iteri	transcription	122	100	16	3	8	2	1	0	0	0	sahul_extended
rosettaproject_itx_swadesh-1	itx	Itik	transcription	335	263	34	2	15	5	3	0	0	0	sahul_extended
rosettaproject_iwm_swadesh-1	iwm	Iwam	transcription	160	136	17	2	3	0	0	2	4	1	sahul_extended
rosettaproject_jac_swadesh-1	jac	Jakalteko	transcription	143	143	0	0	0	0	0	0	0	0	core_swadesh
rosettaproject_jae_swadesh-1	jae	Yabem	transcription	182	177	5	0	0	0	0	0	0	0	core_swadesh
rosettaproject_jao_swadesh-1	jao	Yanyuwa	transcription	398	310	52	5	15	6	3	2	6	1	sahul_extended
rosettaproject_jaq_swadesh-1	jaq	Yaqay	transcription	335	262	44	3	14	6	3	2	0	0	sahul_extended
rosettaproject_jav_swadesh-1	jav	Javanese	transcription	201	196	5	0	0	0	0	0	0	0	core_swadesh
rosettaproject_jay_swadesh-1	jay	Yan-nhangu	transcription	264	202	52	5	15	6	3	2	6	1	sahul_extended
rosettaproject_jbj_swadesh-1	jbj	Arandai	transcription	556	473	32	3	8	3	2	1	2	1	sahul_extended
rosettaproject_jbn_swadesh-1	jbn	Nafusi	transcription	99	80	16	0	6	1	2	1	0	0	extended_worldwide
rosettaproject_jeh_swadesh-1	jeh	Jeh	transcription	90	89	1	0	0	0	0	0	0	0	core_swadesh
rosettaproject_jei_swadesh-1	jei	Yei	transcription	346	275	43	0	15	6	3	2	0	0	extended_worldwide
rosettaproject_jel_swadesh-1	jel	Yelmek	transcription	503	379	56	5	17	6	4	2	0	0	sahul_extended
rosettaproject_jet_swadesh-1	jet	Manem	transcription	664	564	40	4	12	0	4	2	3	1	sahul_extended
rosettaproject_jig_swadesh-1	jig	Djingili	transcription	391	283	51	4	14	6	4	2	6	1	sahul_extended
rosettaproject_jil_swadesh-1	jil	Jilim	transcription	343	262	43	4	13	4	3	2	3	1	sahul_extended
rosettaproject_jko_swadesh-1	jko	Kubo	transcription	247	235	8	2	2	2	0	0	1	0	sahul_extended
rosettaproject_jle_swadesh-1	jle	Ngile	transcription	199	189	10	0	2	2	0	0	0	0	lightly_extended
rosettaproject_jma_swadesh-1	jma	Dima	transcription	62	59	2	0	1	0	0	0	0	0	core_swadesh
rosettaproject_jmi_swadesh-1	jmi	Jimi	transcription	50	44	3	0	1	0	0	0	0	0	core_swadesh
rosettaproject_jng_swadesh-1	jng	Yangman	transcription	240	183	47	5	15	6	4	2	0	0	sahul_extended
rosettaproject_jnj_swadesh-1	jnj	Yemsa	transcription	97	94	3	0	0	0	0	0	0	0	core_swadesh
rosettaproject_jpn_swadesh-1	jpn	Japanese	transcription	78	78	0	0	0	0	0	0	0	0	core_swadesh
rosettaproject_jum_swadesh-1	jum	Jumjum	transcription	96	94	2	0	0	0	0	0	0	0	core_swadesh
rosettaproject_jun_swadesh-1	jun	Juang	transcription	90	89	1	0	0	0	0	0	0	0	core_swadesh
rosettaproject_kab_swadesh-1	kab	Kabyle	transcription	147	147	0	0	0	0	0	0	0	0	core_swadesh
rosettaproject_kan_swadesh-1	kan	Kannada	transcription	103	100	3	0	0	0	0	0	2	1	core_swadesh
rosettaproject_kap_swadesh-1	kap	Bezhta	transcription	117	116	1	0	0	0	0	0	0	0	core_swadesh
rosettaproject_kbd_swadesh-1	kbd	Kabardian	transcription	113	112	1	0	0	0	0	0	0	0	core_swadesh
rosettaproject_kbe_swadesh-1	kbe	Kanju	transcription	94	84	8	2	1	1	1	0	2	1	sahul_extended
rosettaproject_kbk_swadesh-1	kbk	Koiari, Grass	transcription	240	196	20	1	11	1	0	0	0	0	lightly_extended
rosettaproject_kbl_swadesh-1	kbl	Kanembu	transcription	120	109	11	0	3	1	0	0	0	0	lightly_extended
rosettaproject_kbq_swadesh-1	kbq	Kamano	transcription	307	239	36	3	12	6	3	0	4	1	sahul_extended
rosettaproject_kbr_swadesh-1	kbr	Kafa	transcription	99	95	4	0	1	0	0	0	0	0	core_swadesh
rosettaproject_kbv_swadesh-1	kbv	Dera	transcription	371	347	12	2	2	0	0	0	1	0	sahul_extended
rosettaproject_kbx_swadesh-1	kbx	Ap Ma	transcription	154	133	14	0	4	2	2	0	2	1	extended_worldwide
rosettaproject_kcb_swadesh-1	kcb	Kawacha	transcription	100	97	3	0	1	0	0	0	1	0	core_swadesh
rosettaproject_kcm_swadesh-1	kcm	Gula	transcription	52	52	0	0	0	0	0	0	0	0	core_swadesh
rosettaproject_kcn_swadesh-1	kcn	Nubi	transcription	94	94	0	0	0	0	0	0	0	0	core_swadesh
rosettaproject_kco_swadesh-1	kco	Kinalakna	transcription	53	48	5	0	2	2	0	0	0	0	lightly_extended
rosettaproject_kcp_swadesh-1	kcp	Kanga	transcription	137	133	3	0	1	0	0	0	2	1	core_swadesh
rosettaproject_kcr_swadesh-1	kcr	Katla	transcription	92	74	14	0	4	3	0	0	0	0	extended_worldwide
rosettaproject_kct_swadesh-1	kct	Kayan	transcription	162	126	21	2	7	2	0	0	3	1	sahul_extended
rosettaproject_kcx_swadesh-1	kcx	Kachama-Ganjule	transcription	96	93	3	0	0	0	0	0	0	0	core_swadesh
rosettaproject_kdj_swadesh-1	kdj	Karamojong	transcription	1	1	0	0	0	0	0	0	0	0	stub
rosettaproject_kdw_swadesh-1	kdw	Koneraw	transcription	177	147	29	0	11	1	2	2	0	0	extended_worldwide
rosettaproject_kec_swadesh-1	kec	Keiga	transcription	286	254	17	0	3	4	0	0	2	1	extended_worldwide
rosettaproject_keg_swadesh-1	keg	Tese	transcription	14	14	0	0	0	0	0	0	0	0	core_swadesh
rosettaproject_kek_swadesh-1	kek	Q'eqchi'	transcription	143	143	0	0	0	0	0	0	0	0	core_swadesh
rosettaproject_kew_swadesh-1	kew	Kewa, West	transcription	232	196	26	0	7	3	1	0	5	1	extended_worldwide
rosettaproject_kfa_swadesh-1	kfa	Kodava	transcription	83	81	2	0	0	0	0	0	1	0	core_swadesh
rosettaproject_kfb_swadesh-1	kfb	Kolami, Northwestern	transcription	76	73	3	0	0	0	0	0	2	1	core_swadesh
rosettaproject_kfc_swadesh-1	kfc	Konda-Dora	transcription	76	74	2	0	0	0	0	0	1	0	core_swadesh
rosettaproject_kfe_swadesh-1	kfe	Kota	transcription	80	78	2	0	0	0	0	0	1	0	core_swadesh
rosettaproject_kfp_swadesh-1	kfp	Korwa	transcription	85	85	0	0	0	0	0	0	0	0	core_swadesh
rosettaproject_kgf_swadesh-1	kgf	Kube	transcription	201	190	7	0	1	2	0	0	0	0	lightly_extended
rosettaproject_kgg_swadesh-1	kgg	Kusunda	transcription	494	436	32	0	3	6	3	2	3	1	extended_worldwide
rosettaproject_kgl_swadesh-1	kgl	Kunggari	transcription	246	196	27	3	5	3	3	1	3	1	sahul_extended
rosettaproject_kgo_swadesh-1	kgo	Krongo	transcription	644	542	50	2	15	6	4	2	2	1	sahul_extended
rosettaproject_kgq_swadesh-1	kgq	Kamoro	transcription	250	201	30	0	10	3	3	2	2	1	extended_worldwide
rosettaproject_kgr_swadesh-1	kgr	Abun	transcription	525	434	42	4	10	1	4	2	5	1	sahul_extended
rosettaproject_kgs_swadesh-1	kgs	Kumbainggar	transcription	329	251	44	3	13	4	3	2	6	1	sahul_extended
rosettaproject_kgu_swadesh-1	kgu	Kobol	transcription	170	157	13	1	2	0	0	2	0	0	lightly_extended
rosettaproject_kgv_swadesh-1	kgv	Karas	transcription	158	126	30	1	8	0	3	2	4	1	extended_worldwide
rosettaproject_kgw_swadesh-1	kgw	Karon Dori	transcription	113	108	3	0	1	0	0	0	1	0	core_swadesh
rosettaproject_khe_swadesh-1	khe	Korowai	transcription	194	175	15	1	2	1	0	2	0	0	lightly_extended
rosettaproject_kib_swadesh-1	kib	Koalib	transcription	309	284	19	0	5	3	0	0	3	1	extended_worldwide
rosettaproject_kie_swadesh-1	kie	Kibet	transcription	172	152	19	0	5	2	2	0	0	0	extended_worldwide
rosettaproject_kig_swadesh-1	kig	Kimaghima	transcription	458	355	51	2	16	6	3	2	0	0	sahul_extended
rosettaproject_kih_swadesh-1	kih	Kilmeri	transcription	8	7	1	1	0	0	0	0	0	0	stub
rosettaproject_kij_swadesh-1	kij	Kilivila	transcription	181	176	5	0	0	0	0	0	0	0	core_swadesh
rosettaproject_kiq_swadesh-1	kiq	Kosare	transcription	172	164	5	0	2	0	0	0	0	0	core_swadesh
rosettaproject_kit_swadesh-1	kit	Agob	transcription	998	781	55	5	17	6	4	2	2	1	sahul_extended
rosettaproject_kiw_swadesh-1	kiw	Kiwai, Northeast	transcription	713	670	28	2	9	4	0	2	1	0	sahul_extended
rosettaproject_kiy_swadesh-1	kiy	Kirikiri	transcription	389	322	35	5	9	0	2	2	2	1	sahul_extended
rosettaproject_kja_swadesh-1	kja	Mlap	transcription	168	143	23	3	8	0	1	2	0	0	sahul_extended
rosettaproject_kjc_swadesh-1	kjc	Konjo, Coastal	transcription	183	178	5	0	0	0	0	0	0	0	core_swadesh
rosettaproject_kjd_swadesh-1	kjd	Kiwai, Southern	transcription	930	726	59	5	17	6	4	2	5	1	sahul_extended
rosettaproject_kjg_swadesh-1	kjg	Khmu	transcription	176	173	1	0	0	0	0	0	0	0	core_swadesh
rosettaproject_kjj_swadesh-1	kjj	Khinalugh	transcription	111	110	1	0	0	0	0	0	0	0	core_swadesh
rosettaproject_kjs_swadesh-1	kjs	Kewa, East	transcription	86	75	11	0	3	3	1	0	3	1	extended_worldwide
rosettaproject_kjx_swadesh-1	kjx	Ramopa	transcription	151	129	22	0	5	4	3	0	4	1	extended_worldwide
rosettaproject_kjy_swadesh-1	kjy	Erave	transcription	389	308	46	4	13	6	4	0	5	1	sahul_extended
rosettaproject_kkb_swadesh-1	kkb	Kwerisa	transcription	41	40	1	0	1	0	0	0	0	0	core_swadesh
rosettaproject_kkc_swadesh-1	kkc	Odoodee	transcription	294	285	5	2	2	0	0	0	0	0	sahul_extended
rosettaproject_kkl_swadesh-1	kkl	Yale, Kosarek	transcription	984	819	57	3	18	6	4	2	3	1	sahul_extended
rosettaproject_kky_swadesh-1	kky	Guguyimidjir	transcription	459	341	54	5	16	6	4	2	4	1	sahul_extended
rosettaproject_kld_swadesh-1	kld	Gamilaraay	transcription	272	228	27	2	10	3	0	1	2	1	sahul_extended
rosettaproject_klm_swadesh-1	klm	Kolom	transcription	343	274	36	4	12	4	3	0	0	0	sahul_extended
rosettaproject_klp_swadesh-1	klp	Kamasa	transcription	99	96	3	0	1	0	0	0	1	0	core_swadesh
rosettaproject_klq_swadesh-1	klq	Rumu	transcription	236	202	23	2	7	2	0	0	5	1	sahul_extended
rosettaproject_klt_swadesh-1	klt	Nukna	transcription	85	81	3	0	1	2	0	0	0	0	lightly_extended
rosettaproject_klz_swadesh-1	klz	Kabola	transcription	344	294	16	0	8	0	0	0	1	0	lightly_extended
rosettaproject_kmf_swadesh-1	kmf	Kare	transcription	407	326	44	4	13	4	3	2	3	1	sahul_extended
rosettaproject_kmh_swadesh-1	kmh	Kalam	transcription	63	46	15	0	3	1	0	1	3	1	lightly_extended
rosettaproject_kmk_swadesh-1	kmk	Kalinga, Limos	transcription	186	181	5	0	0	0	0	0	0	0	core_swadesh
rosettaproject_kmn_swadesh-1	kmn	Awtuw	transcription	389	356	28	2	4	1	4	0	4	1	sahul_extended
rosettaproject_kmo_swadesh-1	kmo	Kwoma	transcription	493	392	55	4	17	4	4	2	2	1	sahul_extended
rosettaproject_kmq_swadesh-1	kmq	Kwama	transcription	276	265	10	0	0	1	0	0	1	0	core_swadesh
rosettaproject_kms_swadesh-1	kms	Kamasau	transcription	600	510	26	2	7	3	3	1	3	1	sahul_extended
rosettaproject_kmt_swadesh-1	kmt	Kemtuik	transcription	435	387	30	5	8	0	3	2	1	0	sahul_extended
rosettaproject_kmu_swadesh-1	kmu	Kanite	transcription	9	5	4	0	0	0	0	0	3	1	stub
rosettaproject_kmx_swadesh-1	kmx	Waboda	transcription	356	289	47	3	14	4	4	1	5	1	sahul_extended
rosettaproject_knc_swadesh-1	knc	Kanuri, Central	transcription	459	373	49	2	17	6	4	1	0	0	sahul_extended
rosettaproject_knd_swadesh-1	knd	Konda	transcription	172	148	20	0	8	0	0	0	3	1	lightly_extended
rosettaproject_knf_swadesh-1	knf	Mankanya	transcription	256	190	28	1	10	6	3	0	0	0	extended_worldwide
rosettaproject_kns_swadesh-1	kns	Kensiu	transcription	101	100	1	0	0	0	0	0	0	0	core_swadesh
rosettaproject_knv_swadesh-1	knv	Tabo	transcription	376	322	23	3	8	0	2	0	1	0	sahul_extended
rosettaproject_knw_swadesh-1	knw	Kung-Ekoka	transcription	298	252	29	0	12	2	3	0	2	1	extended_worldwide
rosettaproject_koe_swadesh-1	koe	Kacipo-Balesi	transcription	81	81	0	0	0	0	0	0	0	0	core_swadesh
rosettaproject_kol_swadesh-1	kol	Kol	transcription	161	135	26	2	5	4	3	0	5	1	sahul_extended
rosettaproject_kop_swadesh-1	kop	Kwato	transcription	332	264	41	4	13	4	3	2	0	0	sahul_extended
rosettaproject_koz_swadesh-1	koz	Korak	transcription	351	278	40	4	12	4	3	2	0	0	sahul_extended
rosettaproject_kpf_swadesh-1	kpf	Komba	transcription	237	228	7	0	0	2	0	0	0	0	lightly_extended
rosettaproject_kpq_swadesh-1	kpq	Korupun-Sela	transcription	54	53	1	0	1	0	0	0	0	0	core_swadesh
rosettaproject_kpr_swadesh-1	kpr	Korafe-Yegha	transcription	219	180	33	3	5	4	3	0	7	1	sahul_extended
rosettaproject_kps_swadesh-1	kps	Tehit	transcription	955	765	56	3	18	4	4	2	2	1	sahul_extended
rosettaproject_kpu_swadesh-1	kpu	Kafoa	transcription	190	160	18	0	8	0	0	0	4	1	lightly_extended
rosettaproject_kpw_swadesh-1	kpw	Kobon	transcription	465	368	51	4	13	6	2	2	6	1	sahul_extended
rosettaproject_kpx_swadesh-1	kpx	Koiali, Mountain	transcription	795	626	45	2	17	4	4	2	3	1	sahul_extended
rosettaproject_kqb_swadesh-1	kqb	Kovai	transcription	38	35	3	0	1	2	0	0	0	0	lightly_extended
rosettaproject_kqi_swadesh-1	kqi	Koitabu	transcription	770	615	54	4	17	6	4	2	3	1	sahul_extended
rosettaproject_kqj_swadesh-1	kqj	Koromira	transcription	271	224	31	1	9	2	3	2	5	1	extended_worldwide
rosettaproject_krc_swadesh-1	krc	Balkar	transcription	205	204	1	0	0	0	0	0	0	0	core_swadesh
rosettaproject_krd_swadesh-1	krd	Kairui-Midiki	transcription	1	1	0	0	0	0	0	0	0	0	stub
rosettaproject_krs_swadesh-1	krs	Gbaya	transcription	402	336	33	1	8	6	4	0	0	0	extended_worldwide
rosettaproject_kru_swadesh-1	kru	Kurux	transcription	50	47	3	0	0	0	0	0	2	1	core_swadesh
rosettaproject_ksd_swadesh-1	ksd	Kuanua	transcription	183	178	5	0	0	0	0	0	0	0	core_swadesh
rosettaproject_ksj_swadesh-1	ksj	Uare	transcription	396	339	30	2	12	5	1	0	1	0	sahul_extended
rosettaproject_ksr_swadesh-1	ksr	Borong	transcription	224	213	7	0	1	2	0	0	0	0	lightly_extended
rosettaproject_ktb_swadesh-1	ktb	Kambaata	transcription	329	320	5	0	0	2	0	0	0	0	lightly_extended
rosettaproject_ktg_swadesh-1	ktg	Kalkutung	transcription	344	262	46	3	14	5	3	2	3	1	sahul_extended
rosettaproject_kto_swadesh-1	kto	Kuot	transcription	442	365	42	2	7	6	4	2	5	1	sahul_extended
rosettaproject_kue_swadesh-1	kue	Kuman	transcription	662	544	43	4	8	6	4	2	3	1	sahul_extended
rosettaproject_kuo_swadesh-1	kuo	Kumukio	transcription	51	47	4	0	1	2	0	0	0	0	lightly_extended
rosettaproject_kup_swadesh-1	kup	Kunimaipa	transcription	430	345	37	1	10	4	3	1	2	1	extended_worldwide
rosettaproject_kux_swadesh-1	kux	Kukatja	transcription	17	15	2	1	0	0	0	0	0	0	core_swadesh
rosettaproject_kuy_swadesh-1	kuy	Kuuku-Ya'u	transcription	61	48	13	1	2	1	2	1	2	1	lightly_extended
rosettaproject_kvo_swadesh-1	kvo	Dobel	transcription	182	177	5	0	0	0	0	0	0	0	core_swadesh
rosettaproject_kwe_swadesh-1	kwe	Kwerba	transcription	594	458	42	5	15	3	4	1	0	0	sahul_extended
rosettaproject_kwl_swadesh-1	kwl	Kofyar	transcription	67	66	1	0	0	0	0	0	0	0	core_swadesh
rosettaproject_kwo_swadesh-1	kwo	Kwomtari	transcription	306	255	29	3	5	4	3	0	5	1	sahul_extended
rosettaproject_kwt_swadesh-1	kwt	Kwesten	transcription	520	456	42	3	14	2	4	2	1	0	sahul_extended
rosettaproject_kxc_swadesh-1	kxc	Konso	transcription	97	94	3	0	0	0	0	0	0	0	core_swadesh
rosettaproject_kxh_swadesh-1	kxh	Karo	transcription	54	53	1	0	0	0	0	0	0	0	core_swadesh
rosettaproject_kxu_swadesh-1	kxu	Kui	transcription	74	72	2	0	0	0	0	0	1	0	core_swadesh
rosettaproject_kxv_swadesh-1	kxv	Kuvi	transcription	71	69	2	0	0	0	0	0	1	0	core_swadesh
rosettaproject_kxw_swadesh-1	kxw	Konai	transcription	174	167	5	2	2	0	0	0	0	0	sahul_extended
rosettaproject_kxz_swadesh-1	kxz	Kerewo	transcription	311	262	35	2	13	6	0	1	1	0	sahul_extended
rosettaproject_kyo_swadesh-1	kyo	Kelon	transcription	267	225	18	0	8	0	0	0	4	1	lightly_extended
rosettaproject_kyt_swadesh-1	kyt	Kayagar	transcription	114	102	11	3	1	0	0	0	0	0	sahul_extended
rosettaproject_kyx_swadesh-1	kyx	Rapoisi	transcription	354	284	45	0	12	5	4	2	6	1	extended_worldwide
rosettaproject_kzf_swadesh-1	kzf	Kaili, Da'a	transcription	184	179	5	0	0	0	0	0	0	0	core_swadesh
rosettaproject_kzh_swadesh-1	kzh	Kenuzi-Dongola	transcription	571	455	51	1	16	6	4	2	1	0	extended_worldwide
rosettaproject_kzk_swadesh-1	kzk	Kazukuru	transcription	152	126	18	1	6	0	0	0	2	1	lightly_extended
rosettaproject_kzm_swadesh-1	kzm	Kais	transcription	255	208	38	1	12	2	4	1	3	1	extended_worldwide
rosettaproject_kzz_swadesh-1	kzz	Kalabra	transcription	159	127	30	1	9	0	4	2	3	1	extended_worldwide
rosettaproject_laf_swadesh-1	laf	Lafofa	transcription	567	502	37	2	10	6	3	1	0	0	sahul_extended
rosettaproject_lat_swadesh-1	lat	Latin	transcription	181	180	1	0	0	0	0	0	0	0	core_swadesh
rosettaproject_lbe_swadesh-1	lbe	Lak	transcription	114	113	1	0	0	0	0	0	0	0	core_swadesh
rosettaproject_ldm_swadesh-1	ldm	Landoma	transcription	151	114	29	1	10	6	3	0	0	0	extended_worldwide
rosettaproject_lei_swadesh-1	lei	Lemio	transcription	328	261	35	4	12	4	3	0	0	0	sahul_extended
rosettaproject_lep_swadesh-1	lep	Lepcha	transcription	111	110	1	0	0	0	0	0	0	0	core_swadesh
rosettaproject_leq_swadesh-1	leq	Lembena	transcription	297	262	13	2	3	2	0	0	4	1	sahul_extended
rosettaproject_lev_swadesh-1	lev	Lamma	transcription	327	284	16	0	8	0	0	0	1	0	lightly_extended
rosettaproject_lgn_swadesh-1	lgn	Opuuo	transcription	239	225	11	0	0	1	0	0	2	1	core_swadesh
rosettaproject_lgt_swadesh-1	lgt	Pahi	transcription	55	54	1	0	1	0	0	0	0	0	core_swadesh
rosettaproject_lid_swadesh-1	lid	Nyindrou	transcription	181	176	5	0	0	0	0	0	0	0	core_swadesh
rosettaproject_liq_swadesh-1	liq	Libido	transcription	81	79	2	0	0	0	0	0	0	0	core_swadesh
rosettaproject_liu_swadesh-1	liu	Logorik	transcription	173	163	10	0	2	1	0	0	2	1	core_swadesh
rosettaproject_liv_swadesh-1	liv	Liv	transcription	53	53	0	0	0	0	0	0	0	0	core_swadesh
rosettaproject_lkl_swadesh-1	lkl	Laeko-Libuat	transcription	20	20	0	0	0	0	0	0	0	0	core_swadesh
rosettaproject_lll_swadesh-1	lll	Lilau	transcription	107	90	16	2	3	1	0	0	3	1	sahul_extended
rosettaproject_llu_swadesh-1	llu	Lau	transcription	178	173	5	0	0	0	0	0	0	0	core_swadesh
rosettaproject_lml_swadesh-1	lml	Hano	transcription	167	163	4	0	0	0	0	0	0	0	core_swadesh
rosettaproject_lnj_swadesh-1	lnj	Leningitij	transcription	224	179	39	4	10	4	4	2	6	1	sahul_extended
rosettaproject_loa_swadesh-1	loa	Loloda	transcription	454	370	49	2	15	5	4	1	2	1	sahul_extended
rosettaproject_lof_swadesh-1	lof	Logol	transcription	283	268	9	0	2	3	0	0	0	0	lightly_extended
rosettaproject_lot_swadesh-1	lot	Otuho	transcription	10	8	2	0	0	0	0	0	0	0	core_swadesh
rosettaproject_lrg_swadesh-1	lrg	Laragia	transcription	490	376	46	4	13	6	4	2	6	1	sahul_extended
rosettaproject_lro_swadesh-1	lro	Laro	transcription	181	173	5	0	4	0	0	0	0	0	lightly_extended
rosettaproject_ltz_swadesh-1	ltz	Luxembourgeois	transcription	101	101	0	0	0	0	0	0	0	0	core_swadesh
rosettaproject_luf_swadesh-1	luf	Laua	transcription	94	76	18	1	6	0	1	0	2	1	lightly_extended
rosettaproject_lun_swadesh-1	lun	Lunda	transcription	92	92	0	0	0	0	0	0	0	0	core_swadesh
rosettaproject_luo_swadesh-1	luo	Dholuo	transcription	33	33	0	0	0	0	0	0	0	0	core_swadesh
rosettaproject_lwo_swadesh-1	lwo	Luwo	transcription	26	23	3	0	0	0	0	0	0	0	core_swadesh
rosettaproject_lww_swadesh-1	lww	Lewo	transcription	181	177	4	0	0	0	0	0	0	0	core_swadesh
rosettaproject_mad_swadesh-1	mad	Madura	transcription	185	180	5	0	0	0	0	0	0	0	core_swadesh
rosettaproject_mah_swadesh-1	mah	Marshallese	transcription	181	176	5	0	0	0	0	0	0	0	core_swadesh
rosettaproject_mai_swadesh-1	mai	Maithili	transcription	98	98	0	0	0	0	0	0	0	0	core_swadesh
rosettaproject_mal_swadesh-1	mal	Malayalam	transcription	97	94	3	0	0	0	0	0	2	1	core_swadesh
rosettaproject_mam_swadesh-1	mam	Mam	transcription	143	143	0	0	0	0	0	0	0	0	core_swadesh
rosettaproject_mas_swadesh-1	mas	Maasai	transcription	45	43	2	0	0	0	0	0	0	0	core_swadesh
rosettaproject_mci_swadesh-1	mci	Mesem	transcription	245	234	8	0	1	2	0	0	0	0	lightly_extended
rosettaproject_mcr_swadesh-1	mcr	Menya	transcription	101	98	3	0	1	0	0	0	1	0	core_swadesh
rosettaproject_mcv_swadesh-1	mcv	Minanibai	transcription	215	184	26	3	8	2	0	0	5	1	sahul_extended
rosettaproject_mcz_swadesh-1	mcz	Mawan	transcription	363	286	44	4	13	4	3	2	3	1	sahul_extended
rosettaproject_mdb_swadesh-1	mdb	Morigi	transcription	217	197	18	0	4	4	0	1	2	1	extended_worldwide
rosettaproject_mdc_swadesh-1	mdc	Male	transcription	350	271	41	4	13	4	3	1	3	1	sahul_extended
rosettaproject_mde_swadesh-1	mde	Maba	transcription	564	451	48	2	16	4	4	2	0	0	sahul_extended
rosettaproject_mdf_swadesh-1	mdf	Moksha	transcription	194	193	1	0	0	0	0	0	0	0	core_swadesh
rosettaproject_mdj_swadesh-1	mdj	Mangbetu	transcription	337	286	37	0	14	6	3	1	0	0	extended_worldwide
rosettaproject_mds_swadesh-1	mds	Maria	transcription	1031	871	33	2	13	4	4	0	1	0	sahul_extended
rosettaproject_mdx_swadesh-1	mdx	Dizi	transcription	101	97	4	0	0	0	0	0	0	0	core_swadesh
rosettaproject_mdy_swadesh-1	mdy	Male	transcription	99	97	2	0	0	0	0	0	0	0	core_swadesh
rosettaproject_meb_swadesh-1	meb	Ikobi-Mena	transcription	293	284	3	0	1	0	0	0	1	0	core_swadesh
rosettaproject_mec_swadesh-1	mec	Mara	transcription	583	448	56	5	17	6	4	2	6	1	sahul_extended
rosettaproject_med_swadesh-1	med	Melpa	transcription	154	133	13	2	1	3	1	0	0	0	sahul_extended
rosettaproject_mej_swadesh-1	mej	Meyah	transcription	619	525	48	2	14	4	4	2	5	1	sahul_extended
rosettaproject_mek_swadesh-1	mek	Mekeo	transcription	202	196	6	0	0	0	0	0	0	0	core_swadesh
rosettaproject_mem_swadesh-1	mem	Mangala	transcription	28	19	9	2	0	0	0	0	6	1	sahul_extended
rosettaproject_mep_swadesh-1	mep	Miriwung	transcription	17	14	3	2	0	0	0	0	0	0	sahul_extended
rosettaproject_meu_swadesh-1	meu	Motu	transcription	182	177	5	0	0	0	0	0	0	0	core_swadesh
rosettaproject_mfc_swadesh-1	mfc	Mba	transcription	227	189	30	1	11	3	1	2	0	0	extended_worldwide
rosettaproject_mfe_swadesh-1	mfe	Morisyen	transcription	96	96	0	0	0	0	0	0	0	0	core_swadesh
rosettaproject_mfr_swadesh-1	mfr	Marithiel	transcription	174	132	27	5	7	0	3	0	6	1	sahul_extended
rosettaproject_mfv_swadesh-1	mfv	Mandjak	transcription	91	68	22	0	9	6	3	0	0	0	extended_worldwide
rosettaproject_mfw_swadesh-1	mfw	Mulaha	transcription	272	219	32	1	15	6	0	0	1	0	extended_worldwide
rosettaproject_mfz_swadesh-1	mfz	Mabaan	transcription	95	93	2	0	0	0	0	0	0	0	core_swadesh
rosettaproject_mgb_swadesh-1	mgb	Mararit	transcription	54	53	1	0	0	0	0	0	0	0	core_swadesh
rosettaproject_mgf_swadesh-1	mgf	Maklew	transcription	393	284	52	5	17	4	4	2	0	0	sahul_extended
rosettaproject_mgk_swadesh-1	mgk	Mawes	transcription	229	204	17	3	2	0	1	2	0	0	sahul_extended
rosettaproject_mgu_swadesh-1	mgu	Mailu	transcription	708	569	53	4	17	6	4	1	5	1	sahul_extended
rosettaproject_mgx_swadesh-1	mgx	Omati	transcription	112	107	3	0	1	0	0	0	1	0	core_swadesh
rosettaproject_mha_swadesh-1	mha	Manda	transcription	58	56	2	0	0	0	0	0	1	0	core_swadesh
rosettaproject_mhd_swadesh-1	mhd	Mbugu	transcription	242	215	21	0	8	1	2	1	0	0	extended_worldwide
rosettaproject_mhf_swadesh-1	mhf	Mamaa	transcription	52	50	2	0	1	1	0	0	0	0	core_swadesh
rosettaproject_mhg_swadesh-1	mhg	Margu	transcription	250	192	48	5	15	6	3	2	2	1	sahul_extended
rosettaproject_mhl_swadesh-1	mhl	Mauwake	transcription	370	297	37	4	12	2	3	2	0	0	sahul_extended
rosettaproject_mhs_swadesh-1	mhs	Buru	transcription	183	178	5	0	0	0	0	0	0	0	core_swadesh
rosettaproject_mic_swadesh-1	mic	Micmac	transcription	169	168	1	0	0	0	0	0	0	0	core_swadesh
rosettaproject_mid_swadesh-1	mid	Mandaic	transcription	93	93	0	0	0	0	0	0	0	0	core_swadesh
rosettaproject_mif_swadesh-1	mif	Mofu-Gudur	transcription	51	50	1	0	0	0	0	0	0	0	core_swadesh
rosettaproject_min_swadesh-1	min	Minangkabau	transcription	185	180	5	0	0	0	0	0	0	0	core_swadesh
rosettaproject_miw_swadesh-1	miw	Akoye	transcription	100	97	3	0	1	0	0	0	1	0	core_swadesh
rosettaproject_mjj_swadesh-1	mjj	Mawak	transcription	390	306	37	4	12	4	3	1	0	0	sahul_extended
rosettaproject_mjt_swadesh-1	mjt	Sauria Paharia	transcription	52	49	3	0	0	0	0	0	2	1	core_swadesh
rosettaproject_mjw_swadesh-1	mjw	Karbi	transcription	205	204	1	0	0	0	0	0	0	0	core_swadesh
rosettaproject_mkc_swadesh-1	mkc	Siliput	transcription	79	75	3	0	1	0	0	0	1	0	core_swadesh
rosettaproject_mkp_swadesh-1	mkp	Moikodi	transcription	31	28	3	0	2	0	0	0	0	0	core_swadesh
rosettaproject_mkr_swadesh-1	mkr	Malas	transcription	320	254	40	4	12	4	3	2	0	0	sahul_extended
rosettaproject_mkz_swadesh-1	mkz	Makasae	transcription	207	174	23	0	7	4	2	1	1	0	extended_worldwide
rosettaproject_mle_swadesh-1	mle	Manambu	transcription	302	264	21	0	8	2	0	0	4	1	extended_worldwide
rosettaproject_mlh_swadesh-1	mlh	Mape	transcription	290	276	9	0	1	2	0	0	2	1	lightly_extended
rosettaproject_mlp_swadesh-1	mlp	Bargam	transcription	318	251	40	4	12	4	3	2	0	0	sahul_extended
rosettaproject_mmi_swadesh-1	mmi	Musar	transcription	398	309	40	4	12	4	3	2	0	0	sahul_extended
rosettaproject_mmp_swadesh-1	mmp	Siawi	transcription	190	150	26	4	8	4	3	0	0	0	sahul_extended
rosettaproject_mmq_swadesh-1	mmq	Musak	transcription	396	312	39	4	13	4	3	1	0	0	sahul_extended
rosettaproject_mna_swadesh-1	mna	Mbula	transcription	179	174	5	0	0	0	0	0	0	0	core_swadesh
rosettaproject_mnw_swadesh-1	mnw	Mon	transcription	101	100	1	0	0	0	0	0	0	0	core_swadesh
rosettaproject_mnx_swadesh-1	mnx	Manikion	transcription	345	292	21	0	8	0	0	0	5	1	lightly_extended
rosettaproject_mnz_swadesh-1	mnz	Moni	transcription	450	375	48	3	14	6	3	2	3	1	sahul_extended
rosettaproject_mok_swadesh-1	mok	Morori	transcription	227	178	39	1	15	4	3	2	0	0	extended_worldwide
rosettaproject_moq_swadesh-1	moq	Mor	transcription	178	145	31	0	11	2	4	1	0	0	extended_worldwide
rosettaproject_mor_swadesh-1	mor	Moro	transcription	302	278	18	0	4	3	0	0	3	1	extended_worldwide
rosettaproject_mpb_swadesh-1	mpb	Mullukmulluk	transcription	221	177	32	5	9	2	4	0	3	1	sahul_extended
rosettaproject_mpc_swadesh-1	mpc	Mangarayi	transcription	488	372	57	5	15	6	4	2	6	1	sahul_extended
rosettaproject_mpe_swadesh-1	mpe	Majang	transcription	96	94	2	0	0	0	0	0	0	0	core_swadesh
rosettaproject_mph_swadesh-1	mph	Maung	transcription	539	423	54	5	17	6	4	2	2	1	sahul_extended
rosettaproject_mpj_swadesh-1	mpj	Martu Wangka	transcription	31	28	3	1	0	0	0	0	0	0	core_swadesh
rosettaproject_mpp_swadesh-1	mpp	Migabac	transcription	51	48	3	0	1	2	0	0	0	0	lightly_extended
rosettaproject_mps_swadesh-1	mps	Dadibi	transcription	169	156	11	0	1	0	2	0	3	1	lightly_extended
rosettaproject_mpt_swadesh-1	mpt	Mian	transcription	47	42	3	0	1	1	0	0	0	0	core_swadesh
rosettaproject_mpv_swadesh-1	mpv	Mungkip	transcription	47	44	3	0	1	2	0	0	0	0	lightly_extended
rosettaproject_mqe_swadesh-1	mqe	Matepi	transcription	364	280	44	4	13	4	3	2	3	1	sahul_extended
rosettaproject_mqf_swadesh-1	mqf	Momuna	transcription	133	117	9	1	1	1	2	0	0	0	lightly_extended
rosettaproject_mqo_swadesh-1	mqo	Modole	transcription	444	357	44	1	14	5	3	1	1	0	extended_worldwide
rosettaproject_mqr_swadesh-1	mqr	Mander	transcription	118	112	6	0	2	0	0	0	1	0	core_swadesh
rosettaproject_mqs_swadesh-1	mqs	Makian, West	transcription	357	291	45	1	14	4	4	2	2	1	extended_worldwide
rosettaproject_mqv_swadesh-1	mqv	Mosimo	transcription	339	270	43	4	13	4	3	2	3	1	sahul_extended
rosettaproject_mqw_swadesh-1	mqw	Murupi	transcription	372	293	44	4	13	4	3	2	3	1	sahul_extended
rosettaproject_mqy_swadesh-1	mqy	Manggarai	transcription	182	177	5	0	0	0	0	0	0	0	core_swadesh
rosettaproject_mra_swadesh-1	mra	Mlabri	transcription	89	88	1	0	0	0	0	0	0	0	core_swadesh
rosettaproject_mrf_swadesh-1	mrf	Elseng	transcription	418	386	14	3	2	1	0	0	1	0	sahul_extended
rosettaproject_mrx_swadesh-1	mrx	Dineor	transcription	18	15	3	2	0	0	0	0	0	0	sahul_extended
rosettaproject_mrz_swadesh-1	mrz	Marind	transcription	804	640	58	2	18	6	4	2	2	1	sahul_extended
rosettaproject_msf_swadesh-1	msf	Mekwei	transcription	437	351	45	3	13	2	3	2	3	1	sahul_extended
rosettaproject_msg_swadesh-1	msg	Moraid	transcription	168	134	33	1	9	0	4	2	5	1	extended_worldwide
rosettaproject_msj_swadesh-1	msj	Ma	transcription	223	184	33	1	15	3	1	1	0	0	extended_worldwide
rosettaproject_msl_swadesh-1	msl	Molof	transcription	143	134	8	0	1	0	0	0	1	0	core_swadesh
rosettaproject_mso_swadesh-1	mso	Mombum	transcription	521	387	56	5	17	6	4	2	0	0	sahul_extended
rosettaproject_msx_swadesh-1	msx	Moresada	transcription	499	396	45	4	13	4	4	2	3	1	sahul_extended
rosettaproject_msy_swadesh-1	msy	Aruamu	transcription	178	154	17	1	1	2	3	0	3	1	extended_worldwide
rosettaproject_msz_swadesh-1	msz	Momare	transcription	51	48	3	0	1	2	0	0	0	0	lightly_extended
rosettaproject_mtc_swadesh-1	mtc	Munit	transcription	390	303	44	4	13	4	3	2	3	1	sahul_extended
rosettaproject_mtf_swadesh-1	mtf	Murik	transcription	353	275	34	2	11	4	2	2	2	1	sahul_extended
rosettaproject_mtg_swadesh-1	mtg	Una	transcription	162	136	23	0	7	2	3	1	0	0	extended_worldwide
rosettaproject_mtj_swadesh-1	mtj	Moskona	transcription	171	158	9	0	1	0	0	0	1	0	core_swadesh
rosettaproject_mtv_swadesh-1	mtv	Asaro'o	transcription	49	46	3	0	1	2	0	0	0	0	lightly_extended
rosettaproject_mty_swadesh-1	mty	Nabi	transcription	59	57	2	0	1	0	0	0	0	0	core_swadesh
rosettaproject_mur_swadesh-1	mur	Murle	transcription	255	226	23	0	7	5	2	0	0	0	extended_worldwide
rosettaproject_muu_swadesh-1	muu	Yaaku	transcription	80	77	3	0	0	0	0	0	0	0	core_swadesh
rosettaproject_muz_swadesh-1	muz	Mursi	transcription	150	143	7	0	0	2	0	0	2	1	lightly_extended
rosettaproject_mva_swadesh-1	mva	Manam	transcription	184	179	5	0	0	0	0	0	0	0	core_swadesh
rosettaproject_mvq_swadesh-1	mvq	Moere	transcription	336	268	36	4	11	4	3	0	0	0	sahul_extended
rosettaproject_mwb_swadesh-1	mwb	Juwal	transcription	252	196	28	3	6	4	3	0	5	1	sahul_extended
rosettaproject_mwd_swadesh-1	mwd	Mudbura	transcription	40	26	9	2	0	0	0	0	6	1	sahul_extended
rosettaproject_mwf_swadesh-1	mwf	Murrinh-Patha	transcription	163	128	23	4	7	1	1	0	6	1	sahul_extended
rosettaproject_mwp_swadesh-1	mwp	Kala Lagaw Ya	transcription	138	110	18	2	0	1	4	2	4	1	sahul_extended
rosettaproject_mww_swadesh-1	mww	Miao, White	transcription	101	101	0	0	0	0	0	0	0	0	core_swadesh
rosettaproject_mxe_swadesh-1	mxe	Mele-Fila	transcription	182	178	4	0	0	0	0	0	0	0	core_swadesh
rosettaproject_mxf_swadesh-1	mxf	Malgbe	transcription	27	27	0	0	0	0	0	0	0	0	core_swadesh
rosettaproject_mxk_swadesh-1	mxk	Monumbo	transcription	377	298	52	1	15	5	4	2	6	1	extended_worldwide
rosettaproject_mxn_swadesh-1	mxn	Moi	transcription	1107	865	60	3	18	4	4	2	5	1	sahul_extended
rosettaproject_myb_swadesh-1	myb	Mbay	transcription	26	26	0	0	0	0	0	0	0	0	core_swadesh
rosettaproject_mym_swadesh-1	mym	Me'en	transcription	97	95	2	0	0	0	0	0	0	0	core_swadesh
rosettaproject_mzb_swadesh-1	mzb	Tumzabt	transcription	189	187	2	0	1	0	0	0	0	0	core_swadesh
rosettaproject_mze_swadesh-1	mze	Morawa	transcription	187	161	19	1	8	0	1	0	2	1	lightly_extended
rosettaproject_mzu_swadesh-1	mzu	Inapang	transcription	21	20	1	0	0	0	0	0	0	0	core_swadesh
rosettaproject_nas_swadesh-1	nas	Naasioi	transcription	465	371	44	1	12	6	3	2	5	1	extended_worldwide
rosettaproject_nax_swadesh-1	nax	Nakwi	transcription	241	200	26	4	5	4	3	0	3	1	sahul_extended
rosettaproject_nbj_swadesh-1	nbj	Ngarinman	transcription	18	14	3	2	0	0	0	0	0	0	sahul_extended
rosettaproject_nbk_swadesh-1	nbk	Nake	transcription	374	299	44	4	13	4	3	2	3	1	sahul_extended
rosettaproject_nbq_swadesh-1	nbq	Nggem	transcription	19	19	0	0	0	0	0	0	0	0	core_swadesh
rosettaproject_nbx_swadesh-1	nbx	Ngura	transcription	472	384	41	2	13	5	3	2	3	1	sahul_extended
rosettaproject_nby_swadesh-1	nby	Ningera	transcription	1	0	1	1	0	0	0	0	0	0	stub
rosettaproject_nca_swadesh-1	nca	Iyo	transcription	51	48	3	0	1	2	0	0	0	0	lightly_extended
rosettaproject_nce_swadesh-1	nce	Yale	transcription	439	362	35	4	8	4	3	0	6	1	sahul_extended
rosettaproject_nck_swadesh-1	nck	Nakara	transcription	30	21	8	1	0	0	0	0	6	1	core_swadesh
rosettaproject_ncm_swadesh-1	ncm	Nambo	transcription	630	478	56	5	15	6	4	2	4	1	sahul_extended
rosettaproject_nco_swadesh-1	nco	Sibe	transcription	319	274	24	2	5	4	3	0	4	1	sahul_extended
rosettaproject_ndt_swadesh-1	ndt	Ndunga	transcription	215	187	25	1	9	2	0	2	0	0	extended_worldwide
rosettaproject_ndv_swadesh-1	ndv	Ndut	transcription	133	129	4	0	1	0	0	0	0	0	core_swadesh
rosettaproject_ndx_swadesh-1	ndx	Nduga	transcription	111	105	6	1	3	0	0	0	0	0	lightly_extended
rosettaproject_ndz_swadesh-1	ndz	Ndogo	transcription	7	4	3	0	0	0	0	0	2	1	stub
rosettaproject_nec_swadesh-1	nec	Nedebang	transcription	191	166	13	0	8	0	0	0	0	0	lightly_extended
rosettaproject_nej_swadesh-1	nej	Neko	transcription	31	30	1	0	1	0	0	0	0	0	core_swadesh
rosettaproject_nem_swadesh-1	nem	Nemi	transcription	183	178	5	0	0	0	0	0	0	0	core_swadesh
rosettaproject_nen_swadesh-1	nen	Nengone	transcription	178	175	3	0	0	0	0	0	0	0	core_swadesh
rosettaproject_ner_swadesh-1	ner	Yahadian	transcription	208	171	28	0	12	0	0	2	4	1	extended_worldwide
rosettaproject_net_swadesh-1	net	Nete	transcription	82	69	13	2	3	2	0	0	4	1	sahul_extended
rosettaproject_new_swadesh-1	new	Newar	transcription	129	129	0	0	0	0	0	0	0	0	core_swadesh
rosettaproject_nga_swadesh-1	nga	Ngbaka	transcription	414	345	48	1	17	5	4	2	0	0	extended_worldwide
rosettaproject_ngh_swadesh-1	ngh	N/u	transcription	389	336	27	0	12	2	3	1	2	1	extended_worldwide
rosettaproject_ngk_swadesh-1	ngk	Ngalkbun	transcription	643	476	53	5	15	6	4	2	6	1	sahul_extended
rosettaproject_ngr_swadesh-1	ngr	Nagu	transcription	472	427	27	1	7	3	1	1	4	1	extended_worldwide
rosettaproject_nhr_swadesh-1	nhr	Naro	transcription	337	291	32	0	15	2	3	2	2	1	extended_worldwide
rosettaproject_nib_swadesh-1	nib	Nakama	transcription	51	48	3	0	1	2	0	0	0	0	lightly_extended
rosettaproject_nid_swadesh-1	nid	Ngandi	transcription	562	431	57	5	16	6	4	2	6	1	sahul_extended
rosettaproject_nif_swadesh-1	nif	Nek	transcription	51	48	3	0	1	2	0	0	0	0	lightly_extended
rosettaproject_nig_swadesh-1	nig	Ngalakan	transcription	519	403	56	5	17	6	4	2	6	1	sahul_extended
rosettaproject_nir_swadesh-1	nir	Nimboran	transcription	441	349	52	5	17	3	4	2	4	1	sahul_extended
rosettaproject_nis_swadesh-1	nis	Nimi	transcription	53	50	3	0	1	2	0	0	0	0	lightly_extended
rosettaproject_nit_swadesh-1	nit	Kolami, Southeastern	transcription	66	64	2	0	0	0	0	0	1	0	core_swadesh
rosettaproject_niv_swadesh-1	niv	Gilyak	transcription	63	63	0	0	0	0	0	0	0	0	core_swadesh
rosettaproject_niw_swadesh-1	niw	Nimo	transcription	258	201	31	4	8	4	3	0	5	1	sahul_extended
rosettaproject_niz_swadesh-1	niz	Ningil	transcription	181	155	22	0	8	3	3	0	1	0	extended_worldwide
rosettaproject_nji_swadesh-1	nji	Gudanji	transcription	17	12	4	0	1	3	0	0	0	0	lightly_extended
rosettaproject_njl_swadesh-1	njl	Njalgulgule	transcription	2	2	0	0	0	0	0	0	0	0	stub
rosettaproject_nlc_swadesh-1	nlc	Nalca	transcription	59	56	3	0	1	0	2	0	0	0	lightly_extended
rosettaproject_nld_swadesh-1	nld	Dutch	transcription	371	369	1	0	0	0	0	0	0	0	core_swadesh
rosettaproject_nna_swadesh-1	nna	Nyangumarta	transcription	30	26	4	2	0	0	0	0	0	0	sahul_extended
rosettaproject_nnt_swadesh-1	nnt	Nanticoke	transcription	104	104	0	0	0	0	0	0	0	0	core_swadesh
rosettaproject_noc_swadesh-1	noc	Nuk	transcription	51	48	3	0	1	2	0	0	0	0	lightly_extended
rosettaproject_noh_swadesh-1	noh	Nomu	transcription	53	48	5	0	2	2	0	0	0	0	lightly_extended
rosettaproject_nop_swadesh-1	nop	Numanggang	transcription	52	49	3	0	1	2	0	0	0	0	lightly_extended
rosettaproject_nou_swadesh-1	nou	Ewage-Notu	transcription	57	56	1	0	0	0	0	0	0	0	core_swadesh
rosettaproject_noz_swadesh-1	noz	Nayi	transcription	98	95	3	0	0	0	0	0	0	0	core_swadesh
rosettaproject_nqm_swadesh-1	nqm	Ndom	transcription	337	263	44	3	15	2	3	2	0	0	sahul_extended
rosettaproject_nsg_swadesh-1	nsg	Ngasa	transcription	7	6	1	0	0	0	0	0	0	0	stub
rosettaproject_nud_swadesh-1	nud	Ngala	transcription	300	260	22	0	8	2	1	0	4	1	extended_worldwide
rosettaproject_nug_swadesh-1	nug	Nungali	transcription	55	38	11	2	1	1	0	0	6	1	sahul_extended
rosettaproject_nus_swadesh-1	nus	Nuer	transcription	299	296	3	0	0	0	0	0	0	0	core_swadesh
rosettaproject_nux_swadesh-1	nux	Mehek	transcription	69	62	5	0	1	0	0	0	3	1	core_swadesh
rosettaproject_nuy_swadesh-1	nuy	Nunggubuyu	transcription	676	522	57	5	16	6	4	2	6	1	sahul_extended
rosettaproject_nxr_swadesh-1	nxr	Ninggerum	transcription	165	143	20	1	5	4	3	0	0	0	extended_worldwide
rosettaproject_nxu_swadesh-1	nxu	Narau	transcription	23	22	1	0	0	0	0	0	0	0	core_swadesh
rosettaproject_nyh_swadesh-1	nyh	Nyigina	transcription	19	16	3	2	0	0	0	0	0	0	sahul_extended
rosettaproject_nyi_swadesh-1	nyi	Ama	transcription	122	109	12	0	4	2	0	0	0	0	extended_worldwide
rosettaproject_nyp_swadesh-1	nyp	Nyang'i	transcription	94	90	3	0	0	0	0	0	2	1	core_swadesh
rosettaproject_nys_swadesh-1	nys	Nyunga	transcription	210	161	38	3	16	4	2	0	6	1	sahul_extended
rosettaproject_nyt_swadesh-1	nyt	Nyawaygi	transcription	222	163	42	5	14	6	3	2	0	0	sahul_extended
rosettaproject_nyw_swadesh-1	nyw	Nyaw	transcription	21	17	3	2	0	0	0	0	0	0	sahul_extended
rosettaproject_ojs_swadesh-1	ojs	Ojibwa, Severn	transcription	204	203	1	0	0	0	0	0	0	0	core_swadesh
rosettaproject_okj_swadesh-1	okj	Oko-Juwoi	transcription	685	551	55	1	19	5	4	2	0	0	extended_worldwide
rosettaproject_omo_swadesh-1	omo	Utarmbung	transcription	373	299	37	4	10	4	3	2	0	0	sahul_extended
rosettaproject_ong_swadesh-1	ong	Olo	transcription	154	127	21	1	7	3	0	0	2	1	extended_worldwide
rosettaproject_onj_swadesh-1	onj	Onjob	transcription	45	40	4	0	2	0	0	0	0	0	core_swadesh
rosettaproject_onn_swadesh-1	onn	Onobasulu	transcription	227	217	6	2	2	0	0	0	1	0	sahul_extended
rosettaproject_ons_swadesh-1	ons	Ono	transcription	314	278	23	1	6	2	2	0	4	1	extended_worldwide
rosettaproject_opm_swadesh-1	opm	Oksapmin	transcription	315	237	34	1	7	3	2	0	6	1	extended_worldwide
rosettaproject_opo_swadesh-1	opo	Opao	transcription	128	118	9	1	1	1	2	0	1	0	lightly_extended
rosettaproject_oro_swadesh-1	oro	Orokolo	transcription	593	460	59	4	17	6	4	2	5	1	sahul_extended
rosettaproject_otr_swadesh-1	otr	Otoro	transcription	315	291	15	0	4	1	0	0	2	1	lightly_extended
rosettaproject_oua_swadesh-1	oua	Tagargrent	transcription	218	179	28	0	9	5	3	0	0	0	extended_worldwide
rosettaproject_oun_swadesh-1	oun	!O!ung	transcription	284	249	26	0	11	1	3	2	0	0	extended_worldwide
rosettaproject_owi_swadesh-1	owi	Owiniga	transcription	224	171	27	4	9	4	3	0	0	0	sahul_extended
rosettaproject_oyd_swadesh-1	oyd	Oyda	transcription	96	93	3	0	0	0	0	0	0	0	core_swadesh
rosettaproject_pag_swadesh-1	pag	Pangasinan	transcription	257	255	2	0	0	0	0	0	0	0	core_swadesh
rosettaproject_pam_swadesh-1	pam	Pampangan	transcription	139	137	1	0	0	0	0	0	0	0	core_swadesh
rosettaproject_pap_swadesh-1	pap	Papiamentu	transcription	102	102	0	0	0	0	0	0	0	0	core_swadesh
rosettaproject_pbo_swadesh-1	pbo	Papel	transcription	127	93	28	1	10	6	3	0	0	0	extended_worldwide
rosettaproject_pbp_swadesh-1	pbp	Badyara	transcription	120	86	28	1	10	6	3	0	0	0	extended_worldwide
rosettaproject_pbt_swadesh-1	pbt	Pashto, Southern	transcription	99	99	0	0	0	0	0	0	0	0	core_swadesh
rosettaproject_pby_swadesh-1	pby	Pyu	transcription	237	200	19	4	8	2	1	0	0	0	sahul_extended
rosettaproject_pci_swadesh-1	pci	Duruwa	transcription	74	72	2	0	0	0	0	0	1	0	core_swadesh
rosettaproject_pda_swadesh-1	pda	Anam	transcription	379	300	41	4	13	4	3	2	0	0	sahul_extended
rosettaproject_pdc_swadesh-1	pdc	German, Pennsylvania	transcription	120	120	0	0	0	0	0	0	0	0	core_swadesh
rosettaproject_ped_swadesh-1	ped	Mala	transcription	344	276	38	4	12	2	3	2	0	0	sahul_extended
rosettaproject_peg_swadesh-1	peg	Pengo	transcription	63	62	1	0	0	0	0	0	1	0	core_swadesh
rosettaproject_pep_swadesh-1	pep	Kunja	transcription	226	170	35	3	15	4	1	1	0	0	sahul_extended
rosettaproject_pes_swadesh-1	pes	Farsi, Western	transcription	100	100	0	0	0	0	0	0	0	0	core_swadesh
rosettaproject_pgu_swadesh-1	pgu	Pagu	transcription	528	433	45	1	15	4	4	1	2	1	extended_worldwide
rosettaproject_pjt_swadesh-1	pjt	Pitjantjatjara	transcription	19	18	1	0	0	0	0	0	0	0	core_swadesh
rosettaproject_pla_swadesh-1	pla	Miani	transcription	211	171	36	3	12	4	3	2	0	0	sahul_extended
rosettaproject_plw_swadesh-1	plw	Palawano, Brooke's Point	transcription	184	179	5	0	0	0	0	0	0	0	core_swadesh
rosettaproject_pma_swadesh-1	pma	Paama	transcription	182	178	4	0	0	0	0	0	0	0	core_swadesh
rosettaproject_pmr_swadesh-1	pmr	Paynamar	transcription	376	298	39	4	11	4	3	2	0	0	sahul_extended
rosettaproject_pnb_swadesh-1	pnb	Panjabi, Western	transcription	194	193	1	0	0	0	0	0	0	0	core_swadesh
rosettaproject_pnn_swadesh-1	pnn	Pinai-Hagahai	transcription	582	507	20	3	6	2	1	0	5	1	sahul_extended
rosettaproject_pnr_swadesh-1	pnr	Panim	transcription	338	263	44	4	13	4	3	2	3	1	sahul_extended
rosettaproject_pnw_swadesh-1	pnw	Panytyima	transcription	272	203	49	2	15	6	4	2	6	1	sahul_extended
rosettaproject_poc_swadesh-1	poc	Poqomam	transcription	258	258	0	0	0	0	0	0	0	0	core_swadesh
rosettaproject_pol_swadesh-1	pol	Polish	transcription	216	215	1	0	0	0	0	0	0	0	core_swadesh
rosettaproject_pon_swadesh-1	pon	Pohnpeian	transcription	180	175	5	0	0	0	0	0	0	0	core_swadesh
rosettaproject_por_swadesh-1	por	Portuguese	transcription	305	301	1	0	0	0	0	0	0	0	core_swadesh
rosettaproject_ppe_swadesh-1	ppe	Papi	transcription	135	110	18	4	8	2	1	0	0	0	sahul_extended
rosettaproject_ppk_swadesh-1	ppk	Uma	transcription	182	177	5	0	0	0	0	0	0	0	core_swadesh
rosettaproject_ppo_swadesh-1	ppo	Folopa	transcription	746	655	24	3	8	0	2	0	2	1	sahul_extended
rosettaproject_ppq_swadesh-1	ppq	Pei	transcription	70	56	13	4	5	2	0	0	0	0	sahul_extended
rosettaproject_ppt_swadesh-1	ppt	Pare	transcription	248	231	13	2	5	2	0	0	1	0	sahul_extended
rosettaproject_pqm_swadesh-1	pqm	Malecite-Passamaquoddy	transcription	159	158	1	0	0	0	0	0	0	0	core_swadesh
rosettaproject_prm_swadesh-1	prm	Kibiri	transcription	185	166	11	0	2	0	2	0	5	1	lightly_extended
rosettaproject_pru_swadesh-1	pru	Puragi	transcription	182	156	23	1	8	0	0	1	3	1	lightly_extended
rosettaproject_prw_swadesh-1	prw	Parawen	transcription	361	286	38	4	12	2	3	2	0	0	sahul_extended
rosettaproject_psa_swadesh-1	psa	Awyu, Asue	transcription	363	275	50	3	17	6	4	2	0	0	sahul_extended
rosettaproject_pss_swadesh-1	pss	Kaulong	transcription	181	176	5	0	0	0	0	0	0	0	core_swadesh
rosettaproject_puo_swadesh-1	puo	Puoc	transcription	94	93	1	0	0	0	0	0	0	0	core_swadesh
rosettaproject_pup_swadesh-1	pup	Pulabu	transcription	300	234	37	4	13	4	3	0	0	0	sahul_extended
rosettaproject_pwa_swadesh-1	pwa	Pawaia	transcription	387	353	23	1	2	4	4	0	1	0	extended_worldwide
rosettaproject_pwm_swadesh-1	pwm	Molbog	transcription	182	177	5	0	0	0	0	0	0	0	core_swadesh
rosettaproject_pwn_swadesh-1	pwn	Paiwan	transcription	177	174	3	0	0	0	0	0	0	0	core_swadesh
rosettaproject_quc_swadesh-1	quc	K'iche'	transcription	25	25	0	0	0	0	0	0	0	0	core_swadesh
rosettaproject_rac_swadesh-1	rac	Rasawa	transcription	285	265	17	2	2	0	0	2	2	1	sahul_extended
rosettaproject_ran_swadesh-1	ran	Riantana	transcription	332	250	50	3	16	6	3	2	0	0	sahul_extended
rosettaproject_rao_swadesh-1	rao	Rao	transcription	440	355	39	4	11	4	3	1	4	1	sahul_extended
rosettaproject_rap_swadesh-1	rap	Rapa Nui	transcription	197	193	4	0	0	0	0	0	0	0	core_swadesh
rosettaproject_ras_swadesh-1	ras	Tegali	transcription	175	152	12	0	4	3	0	0	0	0	extended_worldwide
rosettaproject_rbb_swadesh-1	rbb	Palaung, Rumai	transcription	89	88	1	0	0	0	0	0	0	0	core_swadesh
rosettaproject_rea_swadesh-1	rea	Rerau	transcription	299	228	39	4	11	4	3	0	3	1	sahul_extended
rosettaproject_rel_swadesh-1	rel	Rendille	transcription	90	88	2	0	0	0	0	0	0	0	core_swadesh
rosettaproject_rhp_swadesh-1	rhp	Yahang	transcription	72	68	3	0	1	0	0	0	1	0	core_swadesh
rosettaproject_rif_swadesh-1	rif	Tarifit	transcription	418	331	34	0	15	5	3	1	0	0	extended_worldwide
rosettaproject_rit_swadesh-1	rit	Ritarungo	transcription	245	183	51	4	15	6	3	2	6	1	sahul_extended
rosettaproject_rmb_swadesh-1	rmb	Rembarunga	transcription	234	175	50	4	15	6	3	2	6	1	sahul_extended
rosettaproject_rmk_swadesh-1	rmk	Romkun	transcription	19	18	1	0	0	0	0	0	0	0	core_swadesh
rosettaproject_rmp_swadesh-1	rmp	Rempi	transcription	385	307	44	4	13	4	3	2	3	1	sahul_extended
rosettaproject_ron_swadesh-1	ron	Romanian	transcription	220	219	1	0	0	0	0	0	0	0	core_swadesh
rosettaproject_roo_swadesh-1	roo	Rotokas	transcription	350	319	18	0	0	4	1	0	6	1	lightly_extended
rosettaproject_rou_swadesh-1	rou	Runga	transcription	502	411	50	2	17	6	4	2	0	0	sahul_extended
rosettaproject_rpt_swadesh-1	rpt	Rapting	transcription	377	298	44	4	13	4	3	2	3	1	sahul_extended
rosettaproject_rtm_swadesh-1	rtm	Rotuman	transcription	184	179	5	0	0	0	0	0	0	0	core_swadesh
rosettaproject_rug_swadesh-1	rug	Roviana	transcription	185	180	5	0	0	0	0	0	0	0	core_swadesh
rosettaproject_rus_swadesh-1	rus	Russian	transcription	300	298	1	0	0	0	0	0	0	0	core_swadesh
rosettaproject_rwa_swadesh-1	rwa	Rawo	transcription	102	95	7	1	2	2	0	0	1	0	lightly_extended
rosettaproject_rwo_swadesh-1	rwo	Rawa	transcription	50	47	3	0	1	2	0	0	0	0	lightly_extended
rosettaproject_ryu_swadesh-1	ryu	Okinawan, Central	transcription	46	46	0	0	0	0	0	0	0	0	core_swadesh
rosettaproject_sad_swadesh-1	sad	Sandawe	transcription	606	488	50	2	16	6	4	2	0	0	sahul_extended
rosettaproject_saj_swadesh-1	saj	Sahu	transcription	590	500	46	1	17	2	3	2	1	0	extended_worldwide
rosettaproject_sao_swadesh-1	sao	Sause	transcription	96	75	21	3	6	0	1	2	0	0	sahul_extended
rosettaproject_sas_swadesh-1	sas	Sasak	transcription	179	174	5	0	0	0	0	0	0	0	core_swadesh
rosettaproject_sat_swadesh-1	sat	Santali	transcription	98	97	1	0	0	0	0	0	0	0	core_swadesh
rosettaproject_sav_swadesh-1	sav	Saafi-Saafi	transcription	133	129	4	0	1	0	0	0	0	0	core_swadesh
rosettaproject_saw_swadesh-1	saw	Sawi	transcription	151	137	10	3	1	0	0	0	0	0	sahul_extended
rosettaproject_sba_swadesh-1	sba	Ngambay	transcription	53	53	0	0	0	0	0	0	0	0	core_swadesh
rosettaproject_sbf_swadesh-1	sbf	Shabo	transcription	307	264	27	1	10	3	2	2	0	0	extended_worldwide
rosettaproject_sbi_swadesh-1	sbi	Seti	transcription	84	81	3	0	1	0	0	0	1	0	core_swadesh
rosettaproject_scn_swadesh-1	scn	Sicilian	transcription	132	131	1	0	0	0	0	0	0	0	core_swadesh
rosettaproject_sds_swadesh-1	sds	Sened	transcription	44	35	9	0	3	2	1	1	0	0	extended_worldwide
rosettaproject_sea_swadesh-1	sea	Semai	transcription	96	95	1	0	0	0	0	0	0	0	core_swadesh
rosettaproject_sej_swadesh-1	sej	Sene	transcription	51	48	3	0	1	2	0	0	0	0	lightly_extended
rosettaproject_seo_swadesh-1	seo	Suarmin	transcription	1	1	0	0	0	0	0	0	0	0	stub
rosettaproject_ses_swadesh-1	ses	Songhay, Koyraboro Senni	transcription	520	438	36	0	15	3	3	1	0	0	extended_worldwide
rosettaproject_set_swadesh-1	set	Sentani	transcription	904	722	53	3	16	5	4	2	3	1	sahul_extended
rosettaproject_she_swadesh-1	she	Sheko	transcription	204	196	6	0	1	1	0	0	0	0	core_swadesh
rosettaproject_shi_swadesh-1	shi	Tachelhit	transcription	68	57	11	0	3	4	0	1	0	0	extended_worldwide
rosettaproject_shj_swadesh-1	shj	Shatt	transcription	189	177	12	0	2	1	0	0	2	1	core_swadesh
rosettaproject_shk_swadesh-1	shk	Shilluk	transcription	97	95	2	0	0	0	0	0	0	0	core_swadesh
rosettaproject_shu_swadesh-1	shu	Arabic, Chadian Spoken	transcription	101	101	0	0	0	0	0	0	0	0	core_swadesh
rosettaproject_shw_swadesh-1	shw	Shwai	transcription	271	248	14	0	4	2	0	0	2	1	extended_worldwide
rosettaproject_shy_swadesh-1	shy	Tachawit	transcription	169	134	22	0	7	4	3	0	0	0	extended_worldwide
rosettaproject_sid_swadesh-1	sid	Sidamo	transcription	131	123	7	0	1	1	0	0	0	0	core_swadesh
rosettaproject_siq_swadesh-1	siq	Sonia	transcription	162	155	5	2	2	0	0	0	0	0	sahul_extended
rosettaproject_siw_swadesh-1	siw	Siwai	transcription	376	317	35	0	8	6	3	2	4	1	extended_worldwide
rosettaproject_six_swadesh-1	six	Sumau	transcription	385	306	40	4	13	4	3	2	0	0	sahul_extended
rosettaproject_siz_swadesh-1	siz	Siwi	transcription	242	201	34	0	14	5	3	1	0	0	extended_worldwide
rosettaproject_sjg_swadesh-1	sjg	Assangori	transcription	100	98	1	0	0	0	0	0	0	0	core_swadesh
rosettaproject_sjs_swadesh-1	sjs	Senhaja de Srair	transcription	301	260	31	0	13	4	3	1	0	0	extended_worldwide
rosettaproject_skc_swadesh-1	skc	Sauk	transcription	52	49	3	0	1	2	0	0	0	0	lightly_extended
rosettaproject_ski_swadesh-1	ski	Sika	transcription	181	176	5	0	0	0	0	0	0	0	core_swadesh
rosettaproject_skm_swadesh-1	skm	Sakam	transcription	54	51	3	0	1	2	0	0	0	0	lightly_extended
rosettaproject_sks_swadesh-1	sks	Maia	transcription	670	530	40	4	12	4	3	2	0	0	sahul_extended
rosettaproject_skv_swadesh-1	skv	Skou	transcription	173	148	18	2	1	1	1	2	0	0	sahul_extended
rosettaproject_slk_swadesh-1	slk	Slovak	transcription	242	240	1	0	0	0	0	0	0	0	core_swadesh
rosettaproject_sll_swadesh-1	sll	Salt-Yui	transcription	131	109	19	2	3	3	3	0	0	0	sahul_extended
rosettaproject_slw_swadesh-1	slw	Sialum	transcription	54	49	5	0	1	2	0	0	0	0	lightly_extended
rosettaproject_smb_swadesh-1	smb	Simbari	transcription	103	100	3	0	1	0	0	0	1	0	core_swadesh
rosettaproject_smc_swadesh-1	smc	Som	transcription	50	47	3	0	1	2	0	0	0	0	lightly_extended
rosettaproject_smo_swadesh-1	smo	Samoan	transcription	185	180	5	0	0	0	0	0	0	0	core_swadesh
rosettaproject_smq_swadesh-1	smq	Samo	transcription	265	246	12	2	2	2	0	0	5	1	sahul_extended
rosettaproject_snc_swadesh-1	snc	Sinaugoro	transcription	177	173	4	0	0	0	0	0	0	0	core_swadesh
rosettaproject_snf_swadesh-1	snf	Noon	transcription	134	130	4	0	1	0	0	0	0	0	core_swadesh
rosettaproject_snk_swadesh-1	snk	Soninke	transcription	125	92	27	1	9	6	3	0	0	0	extended_worldwide
rosettaproject_snp_swadesh-1	snp	Siane	transcription	297	245	31	3	7	5	3	0	5	1	sahul_extended
rosettaproject_snr_swadesh-1	snr	Sihan	transcription	410	324	44	4	13	4	3	2	3	1	sahul_extended
rosettaproject_snx_swadesh-1	snx	Sam	transcription	357	278	42	4	13	4	3	2	3	1	sahul_extended
rosettaproject_sny_swadesh-1	sny	Saniyo-Hiyewe	transcription	296	263	21	4	6	4	0	0	1	0	sahul_extended
rosettaproject_snz_swadesh-1	snz	Sinsauru	transcription	354	284	41	4	13	4	3	2	0	0	sahul_extended
rosettaproject_soh_swadesh-1	soh	Aka	transcription	201	180	20	0	3	4	2	0	0	0	extended_worldwide
rosettaproject_som_swadesh-1	som	Somali	transcription	96	93	3	0	0	0	0	0	0	0	core_swadesh
rosettaproject_sow_swadesh-1	sow	Sowanda	transcription	273	238	18	2	6	1	0	0	1	0	sahul_extended
rosettaproject_spa_swadesh-1	spa	Spanish	transcription	260	257	1	0	0	0	0	0	0	0	core_swadesh
rosettaproject_spd_swadesh-1	spd	Saep	transcription	381	298	44	4	13	4	3	2	3	1	sahul_extended
rosettaproject_spi_swadesh-1	spi	Saponi	transcription	349	318	18	2	2	0	0	2	2	1	sahul_extended
rosettaproject_spl_swadesh-1	spl	Selepet	transcription	252	232	15	1	1	2	2	0	3	1	extended_worldwide
rosettaproject_spm_swadesh-1	spm	Sepen	transcription	23	23	0	0	0	0	0	0	0	0	core_swadesh
rosettaproject_srb_swadesh-1	srb	Sora	transcription	100	99	1	0	0	0	0	0	0	0	core_swadesh
rosettaproject_srl_swadesh-1	srl	Isirawa	transcription	476	362	46	4	15	5	4	1	3	1	sahul_extended
rosettaproject_srm_swadesh-1	srm	Saramaccan	transcription	112	112	0	0	0	0	0	0	0	0	core_swadesh
rosettaproject_srn_swadesh-1	srn	Sranan	transcription	177	177	0	0	0	0	0	0	0	0	core_swadesh
rosettaproject_srr_swadesh-1	srr	Serer-Sine	transcription	131	127	4	0	1	0	0	0	0	0	core_swadesh
rosettaproject_ssd_swadesh-1	ssd	Siroi	transcription	321	249	41	4	13	4	3	2	0	0	sahul_extended
rosettaproject_sse_swadesh-1	sse	Balangingi	transcription	182	177	5	0	0	0	0	0	0	0	core_swadesh
rosettaproject_ssj_swadesh-1	ssj	Sausi	transcription	389	320	41	4	13	4	3	2	0	0	sahul_extended
rosettaproject_ssx_swadesh-1	ssx	Samberigi	transcription	234	215	17	0	4	3	1	0	5	1	extended_worldwide
rosettaproject_ssy_swadesh-1	ssy	Saho	transcription	95	92	3	0	0	0	0	0	0	0	core_swadesh
rosettaproject_stf_swadesh-1	stf	Seta	transcription	72	69	3	0	1	0	0	0	1	0	core_swadesh
rosettaproject_sua_swadesh-1	sua	Sulka	transcription	305	254	24	0	4	3	3	0	4	1	extended_worldwide
rosettaproject_sue_swadesh-1	sue	Suena	transcription	95	81	14	1	3	0	0	0	7	1	lightly_extended
rosettaproject_sui_swadesh-1	sui	Suki	transcription	268	209	27	4	11	4	0	0	0	0	sahul_extended
rosettaproject_sun_swadesh-1	sun	Sunda	transcription	203	197	6	0	0	0	0	0	0	0	core_swadesh
rosettaproject_suq_swadesh-1	suq	Suri	transcription	95	93	2	0	0	0	0	0	0	0	core_swadesh
rosettaproject_svs_swadesh-1	svs	Savosavo	transcription	535	437	50	1	13	4	4	2	7	1	extended_worldwide
rosettaproject_swe_swadesh-1	swe	Swedish	transcription	190	189	1	0	0	0	0	0	0	0	core_swadesh
rosettaproject_swm_swadesh-1	swm	Samosa	transcription	360	281	43	4	13	4	3	2	3	1	sahul_extended
rosettaproject_swn_swadesh-1	swn	Sawknah	transcription	64	53	11	0	3	2	1	0	0	0	extended_worldwide
rosettaproject_swt_swadesh-1	swt	Sawila	transcription	205	178	15	0	8	0	0	0	1	0	lightly_extended
rosettaproject_syc_swadesh-1	syc	Syriac	transcription	57	49	5	0	2	0	0	0	0	0	core_swadesh
rosettaproject_sys_swadesh-1	sys	Sinyar	transcription	55	55	0	0	0	0	0	0	0	0	core_swadesh
rosettaproject_sza_swadesh-1	sza	Semelai	transcription	99	98	1	0	0	0	0	0	0	0	core_swadesh
rosettaproject_szb_swadesh-1	szb	Ngalum	transcription	33	32	1	0	1	0	0	0	0	0	core_swadesh
rosettaproject_szc_swadesh-1	szc	Semaq Beri	transcription	84	83	1	0	0	0	0	0	0	0	core_swadesh
rosettaproject_szp_swadesh-1	szp	Suabo	transcription	466	409	26	0	8	2	2	0	1	0	extended_worldwide
rosettaproject_szw_swadesh-1	szw	Sawai	transcription	185	180	5	0	0	0	0	0	0	0	core_swadesh
rosettaproject_tad_swadesh-1	tad	Tause	transcription	543	470	32	5	9	0	2	2	2	1	sahul_extended
rosettaproject_tag_swadesh-1	tag	Tagoi	transcription	408	336	37	0	16	6	3	0	0	0	extended_worldwide
rosettaproject_tah_swadesh-1	tah	Tahitian	transcription	184	179	5	0	0	0	0	0	0	0	core_swadesh
rosettaproject_tam_swadesh-1	tam	Tamil	transcription	117	112	5	0	0	0	0	0	2	1	core_swadesh
rosettaproject_tao_swadesh-1	tao	Yami	transcription	185	180	5	0	0	0	0	0	0	0	core_swadesh
rosettaproject_tat_swadesh-1	tat	Tatar	transcription	204	203	1	0	0	0	0	0	0	0	core_swadesh
rosettaproject_tay_swadesh-1	tay	Atayal	transcription	184	178	6	0	0	0	0	0	0	0	core_swadesh
rosettaproject_taz_swadesh-1	taz	Tocho	transcription	195	181	14	0	4	2	0	0	1	0	extended_worldwide
rosettaproject_tbc_swadesh-1	tbc	Takia	transcription	180	176	4	0	0	0	0	0	0	0	core_swadesh
rosettaproject_tbd_swadesh-1	tbd	Kaki Ae	transcription	414	349	41	3	12	6	4	0	3	1	sahul_extended
rosettaproject_tbg_swadesh-1	tbg	Tairora, North	transcription	631	501	56	5	16	6	3	2	4	1	sahul_extended
rosettaproject_tbh_swadesh-1	tbh	Thurawal	transcription	123	83	20	2	4	3	0	0	6	1	sahul_extended
rosettaproject_tbi_swadesh-1	tbi	Gaam	transcription	82	80	2	0	0	0	0	0	0	0	core_swadesh
rosettaproject_tbo_swadesh-1	tbo	Tawala	transcription	182	177	5	0	0	0	0	0	0	0	core_swadesh
rosettaproject_tbp_swadesh-1	tbp	Diebroud	transcription	59	57	1	0	1	0	0	0	0	0	core_swadesh
rosettaproject_tbr_swadesh-1	tbr	Tumtum	transcription	306	282	16	0	4	2	0	0	1	0	extended_worldwide
rosettaproject_tbs_swadesh-1	tbs	Tanguat	transcription	18	17	1	0	0	0	0	0	0	0	core_swadesh
rosettaproject_tbv_swadesh-1	tbv	Tobo	transcription	208	197	7	0	1	2	0	0	0	0	lightly_extended
rosettaproject_tby_swadesh-1	tby	Tabaru	transcription	171	135	29	1	8	4	0	0	1	0	extended_worldwide
rosettaproject_tcg_swadesh-1	tcg	Tamagario	transcription	178	166	10	2	1	0	0	0	0	0	sahul_extended
rosettaproject_tcm_swadesh-1	tcm	Tanahmerah	transcription	205	191	9	0	1	0	0	0	1	0	core_swadesh
rosettaproject_tcq_swadesh-1	tcq	Kaiy	transcription	199	174	24	1	8	0	2	2	0	0	extended_worldwide
rosettaproject_tcx_swadesh-1	tcx	Toda	transcription	85	83	2	0	0	0	0	0	1	0	core_swadesh
rosettaproject_tcy_swadesh-1	tcy	Tulu	transcription	104	101	3	0	0	0	0	0	2	1	core_swadesh
rosettaproject_tdr_swadesh-1	tdr	Todrah	transcription	95	94	1	0	0	0	0	0	0	0	core_swadesh
rosettaproject_tds_swadesh-1	tds	Doutai	transcription	315	270	27	1	8	0	2	2	2	1	extended_worldwide
rosettaproject_tei_swadesh-1	tei	Torricelli	transcription	219	194	25	2	6	4	3	0	4	1	sahul_extended
rosettaproject_tel_swadesh-1	tel	Telugu	transcription	147	141	5	0	0	0	0	0	2	1	core_swadesh
rosettaproject_tem_swadesh-1	tem	Themne	transcription	447	357	46	1	17	6	3	1	0	0	extended_worldwide
rosettaproject_teo_swadesh-1	teo	Teso	transcription	6	6	0	0	0	0	0	0	0	0	stub
rosettaproject_teq_swadesh-1	teq	Temein	transcription	93	75	17	0	5	2	0	0	0	0	extended_worldwide
rosettaproject_teu_swadesh-1	teu	Soo	transcription	103	99	3	0	0	0	0	0	2	1	core_swadesh
rosettaproject_tey_swadesh-1	tey	Tulishi	transcription	299	267	19	0	6	4	0	0	2	1	extended_worldwide
rosettaproject_tgl_swadesh-2	tgl	Tagalog	transcription	293	286	6	0	0	0	0	0	0	0	core_swadesh
rosettaproject_tgu_swadesh-1	tgu	Tanggu	transcription	110	93	16	1	1	1	3	0	3	1	lightly_extended
rosettaproject_tha_swadesh-1	tha	Thai	transcription	433	429	1	0	0	0	0	0	0	0	core_swadesh
rosettaproject_thd_swadesh-1	thd	Thayore	transcription	59	51	7	0	0	0	2	0	0	0	lightly_extended
rosettaproject_thv_swadesh-1	thv	Tamahaq, Tahaggart	transcription	298	244	40	0	15	6	3	2	0	0	extended_worldwide
rosettaproject_tic_swadesh-1	tic	Tira	transcription	178	163	12	0	4	0	0	0	4	1	lightly_extended
rosettaproject_tif_swadesh-1	tif	Tifal	transcription	51	46	4	0	1	1	0	0	0	0	core_swadesh
rosettaproject_tim_swadesh-1	tim	Timbe	transcription	234	223	8	0	1	2	0	0	0	0	lightly_extended
rosettaproject_tin_swadesh-1	tin	Tindi	transcription	112	109	3	0	0	0	0	0	2	1	core_swadesh
rosettaproject_tiw_swadesh-1	tiw	Tiwi	transcription	520	410	47	2	14	6	4	1	3	1	sahul_extended
rosettaproject_tlb_swadesh-1	tlb	Tobelo	transcription	416	347	43	1	13	6	3	2	1	0	extended_worldwide
rosettaproject_tlf_swadesh-1	tlf	Telefol	transcription	231	204	18	0	6	2	3	0	0	0	extended_worldwide
rosettaproject_tlg_swadesh-1	tlg	Tofanma	transcription	128	119	7	0	1	0	0	0	1	0	core_swadesh
rosettaproject_tlo_swadesh-1	tlo	Talodi	transcription	206	186	17	0	5	2	0	0	2	1	extended_worldwide
rosettaproject_tma_swadesh-1	tma	Tama	transcription	55	54	1	0	0	0	0	0	0	0	core_swadesh
rosettaproject_tmd_swadesh-1	tmd	Haruai	transcription	344	295	27	3	6	4	3	0	5	1	sahul_extended
rosettaproject_tmj_swadesh-1	tmj	Samarokena	transcription	199	148	28	3	13	1	4	1	0	0	sahul_extended
rosettaproject_tnk_swadesh-1	tnk	Kwamera	transcription	182	178	4	0	0	0	0	0	0	0	core_swadesh
rosettaproject_tnm_swadesh-1	tnm	Tabla	transcription	662	537	50	3	15	3	4	2	4	1	sahul_extended
rosettaproject_tnn_swadesh-1	tnn	Tanna, North	transcription	184	180	4	0	0	0	0	0	0	0	core_swadesh
rosettaproject_tof_swadesh-1	tof	Gizrra	transcription	411	385	19	3	7	0	0	0	2	1	sahul_extended
rosettaproject_ton_swadesh-1	ton	Tongan	transcription	185	180	5	0	0	0	0	0	0	0	core_swadesh
rosettaproject_tpi_swadesh-1	tpi	Tok Pisin	transcription	206	205	1	0	0	0	0	0	0	0	core_swadesh
rosettaproject_tqo_swadesh-1	tqo	Toaripi	transcription	1062	877	59	4	16	6	4	2	6	1	sahul_extended
rosettaproject_tqu_swadesh-1	tqu	Touo	transcription	683	577	43	1	9	5	4	2	7	1	extended_worldwide
rosettaproject_trt_swadesh-1	trt	Tunggare	transcription	465	359	48	5	15	6	4	1	2	1	sahul_extended
rosettaproject_tsu_swadesh-1	tsu	Tsou	transcription	180	175	5	0	0	0	0	0	0	0	core_swadesh
rosettaproject_tsx_swadesh-1	tsx	Mubami	transcription	302	267	25	2	10	2	0	0	5	1	sahul_extended
rosettaproject_ttd_swadesh-1	ttd	Tauade	transcription	272	219	30	0	10	2	4	0	3	1	extended_worldwide
rosettaproject_ttn_swadesh-1	ttn	Towei	transcription	105	99	6	0	1	0	0	0	0	0	core_swadesh
rosettaproject_ttr_swadesh-1	ttr	Tera	transcription	69	68	1	0	0	0	0	0	0	0	core_swadesh
rosettaproject_tty_swadesh-1	tty	Sikaritai	transcription	424	346	36	4	13	0	3	2	0	0	sahul_extended
rosettaproject_tuh_swadesh-1	tuh	Taulil	transcription	363	306	24	0	4	6	4	0	4	1	extended_worldwide
rosettaproject_tuq_swadesh-1	tuq	Tedaga	transcription	463	422	20	0	5	2	0	0	2	1	extended_worldwide
rosettaproject_tur_swadesh-1	tur	Turkish	transcription	241	240	1	0	0	0	0	0	0	0	core_swadesh
rosettaproject_tuv_swadesh-1	tuv	Turkana	transcription	103	100	3	0	0	1	0	0	0	0	core_swadesh
rosettaproject_tvo_swadesh-1	tvo	Tidore	transcription	509	401	49	2	15	6	3	2	2	1	sahul_extended
rosettaproject_twe_swadesh-1	twe	Tewa	transcription	386	332	13	0	8	0	0	0	0	0	lightly_extended
rosettaproject_tww_swadesh-1	tww	Tuwari	transcription	162	134	27	3	5	4	3	0	4	1	sahul_extended
rosettaproject_txt_swadesh-1	txt	Citak	transcription	291	206	42	2	15	4	3	2	0	0	sahul_extended
rosettaproject_typ_swadesh-1	typ	Thaypan	transcription	109	88	16	2	6	1	0	0	3	1	sahul_extended
rosettaproject_tzm_swadesh-1	tzm	Tamazight, Central Atlas	transcription	26	20	6	0	1	0	1	0	0	0	core_swadesh
rosettaproject_tzx_swadesh-1	tzx	Tabriak	transcription	55	45	8	1	0	0	2	0	2	1	lightly_extended
rosettaproject_uar_swadesh-1	uar	Tairuma	transcription	333	291	27	2	10	2	2	0	1	0	sahul_extended
rosettaproject_ubu_swadesh-1	ubu	Umbu-Ungu	transcription	183	158	18	2	2	4	0	1	2	1	sahul_extended
rosettaproject_udu_swadesh-1	udu	Uduk	transcription	199	187	11	0	0	1	0	0	2	1	core_swadesh
rosettaproject_ufi_swadesh-1	ufi	Ufim	transcription	50	46	3	0	1	2	0	0	0	0	lightly_extended
rosettaproject_uhn_swadesh-1	uhn	Damal	transcription	276	250	18	1	8	2	0	0	1	0	extended_worldwide
rosettaproject_ukg_swadesh-1	ukg	Ukuriguma	transcription	339	261	40	4	12	4	3	2	0	0	sahul_extended
rosettaproject_ulf_swadesh-1	ulf	Usku	transcription	126	117	7	0	1	0	0	0	1	0	core_swadesh
rosettaproject_ulk_swadesh-1	ulk	Meriam	transcription	99	77	14	0	2	3	3	1	2	1	extended_worldwide
rosettaproject_umd_swadesh-1	umd	Umbindhamu	transcription	1	1	0	0	0	0	0	0	0	0	stub
rosettaproject_umg_swadesh-1	umg	Umbuygamu	transcription	16	15	1	0	0	1	0	0	0	0	core_swadesh
rosettaproject_umr_swadesh-1	umr	Umbugarla	transcription	223	155	43	5	15	4	4	2	5	1	sahul_extended
rosettaproject_ung_swadesh-1	ung	Ngarinyin	transcription	646	517	57	5	17	5	4	2	6	1	sahul_extended
rosettaproject_unp_swadesh-1	unp	Worora	transcription	17	14	3	2	0	0	0	0	0	0	sahul_extended
rosettaproject_urc_swadesh-1	urc	Urningangg	transcription	236	186	43	5	14	6	2	2	0	0	sahul_extended
rosettaproject_urd_swadesh-1	urd	Urdu	transcription	200	199	1	0	0	0	0	0	0	0	core_swadesh
rosettaproject_urf_swadesh-1	urf	Uradhi	transcription	66	55	11	0	4	0	0	0	5	1	lightly_extended
rosettaproject_urg_swadesh-1	urg	Urigina	transcription	383	298	40	4	13	4	3	2	0	0	sahul_extended
rosettaproject_uri_swadesh-1	uri	Urim	transcription	303	266	27	2	6	4	3	0	5	1	sahul_extended
rosettaproject_urw_swadesh-1	urw	Sop	transcription	407	324	41	4	13	4	3	2	0	0	sahul_extended
rosettaproject_urx_swadesh-1	urx	Urimo	transcription	467	373	30	3	7	4	3	0	5	1	sahul_extended
rosettaproject_ury_swadesh-1	ury	Orya	transcription	838	664	54	5	18	2	4	2	2	1	sahul_extended
rosettaproject_usa_swadesh-1	usa	Usarufa	transcription	59	49	9	0	2	2	0	0	3	1	lightly_extended
rosettaproject_usu_swadesh-1	usu	Uya	transcription	363	286	41	4	13	4	3	2	0	0	sahul_extended
rosettaproject_utu_swadesh-1	utu	Utu	transcription	362	280	44	4	13	4	3	2	3	1	sahul_extended
rosettaproject_uvh_swadesh-1	uvh	Uri	transcription	52	49	3	0	1	2	0	0	0	0	lightly_extended
rosettaproject_uwa_swadesh-1	uwa	Kuku-Uwanh	transcription	246	180	49	5	17	4	4	2	6	1	sahul_extended
rosettaproject_vam_swadesh-1	vam	Vanimo	transcription	288	246	30	2	7	4	3	0	5	1	sahul_extended
rosettaproject_van_swadesh-1	van	Valman	transcription	144	127	13	0	6	0	0	0	0	0	lightly_extended
rosettaproject_vie_swadesh-1	vie	Vietnamese	transcription	100	99	1	0	0	0	0	0	0	0	core_swadesh
rosettaproject_vmi_swadesh-1	vmi	Miwa	transcription	18	14	4	2	1	0	0	0	0	0	sahul_extended
rosettaproject_wal_swadesh-1	wal	Wolaytta	transcription	152	145	4	0	0	0	0	0	0	0	core_swadesh
rosettaproject_wax_swadesh-1	wax	Marangis	transcription	57	53	4	0	1	0	1	0	0	0	core_swadesh
rosettaproject_wba_swadesh-1	wba	Warao	transcription	129	129	0	0	0	0	0	0	0	0	core_swadesh
rosettaproject_wbe_swadesh-1	wbe	Waritai	transcription	300	259	25	1	8	0	2	2	0	0	extended_worldwide
rosettaproject_wbj_swadesh-1	wbj	Alagwa	transcription	182	157	24	0	9	2	3	1	0	0	extended_worldwide
rosettaproject_wbp_swadesh-1	wbp	Warlpiri	transcription	113	80	19	1	2	2	2	0	6	1	extended_worldwide
rosettaproject_wbv_swadesh-1	wbv	Wajarri	transcription	264	202	41	4	15	4	1	1	6	1	sahul_extended
rosettaproject_wdg_swadesh-1	wdg	Wadaginam	transcription	374	302	34	4	10	2	3	1	0	0	sahul_extended
rosettaproject_wdj_swadesh-1	wdj	Wadjiginy	transcription	179	145	27	5	7	0	3	0	6	1	sahul_extended
rosettaproject_wer_swadesh-1	wer	Weri	transcription	79	62	17	0	3	2	3	0	4	1	extended_worldwide
rosettaproject_wfg_swadesh-1	wfg	Zorop	transcription	310	283	12	3	1	0	0	0	1	0	sahul_extended
rosettaproject_wgi_swadesh-1	wgi	Wahgi	transcription	342	292	15	2	2	3	1	0	0	0	sahul_extended
rosettaproject_wgy_swadesh-1	wgy	Warrgamay	transcription	369	266	53	5	15	6	3	2	4	1	sahul_extended
rosettaproject_wii_swadesh-1	wii	Minidien	transcription	63	61	1	0	1	0	0	0	0	0	core_swadesh
rosettaproject_wim_swadesh-1	wim	Wik-Mungkan	transcription	94	80	13	3	7	0	0	0	0	0	sahul_extended
rosettaproject_wiu_swadesh-1	wiu	Wiru	transcription	178	157	18	0	5	3	1	0	5	1	extended_worldwide
rosettaproject_wka_swadesh-1	wka	Kw'adza	transcription	168	143	22	0	12	2	3	1	0	0	extended_worldwide
rosettaproject_wkw_swadesh-1	wkw	Wakawaka	transcription	329	248	37	3	9	5	3	2	3	1	sahul_extended
rosettaproject_wla_swadesh-1	wla	Walio	transcription	155	123	18	4	8	2	1	0	0	0	sahul_extended
rosettaproject_wlg_swadesh-1	wlg	Kunbarlang	transcription	233	179	46	5	15	6	3	2	0	0	sahul_extended
rosettaproject_wli_swadesh-1	wli	Waioli	transcription	82	72	10	1	1	2	0	0	1	0	lightly_extended
rosettaproject_wlo_swadesh-1	wlo	Wolio	transcription	183	178	5	0	0	0	0	0	0	0	core_swadesh
rosettaproject_wlu_swadesh-1	wlu	Wuliwuli	transcription	51	40	8	0	0	0	1	0	3	1	core_swadesh
rosettaproject_wlw_swadesh-1	wlw	Walak	transcription	127	121	6	0	1	2	0	0	0	0	lightly_extended
rosettaproject_wmb_swadesh-1	wmb	Wambaya	transcription	380	290	51	5	16	4	4	2	6	1	sahul_extended
rosettaproject_wmc_swadesh-1	wmc	Wamas	transcription	367	276	43	4	13	4	3	2	3	1	sahul_extended
rosettaproject_wmo_swadesh-1	wmo	Wom	transcription	285	238	24	2	5	4	3	0	4	1	sahul_extended
rosettaproject_wms_swadesh-1	wms	Wambon	transcription	287	230	43	1	16	5	2	2	0	0	extended_worldwide
rosettaproject_wmt_swadesh-1	wmt	Walmajarri	transcription	29	20	9	2	0	0	0	0	6	1	sahul_extended
rosettaproject_wnb_swadesh-1	wnb	Wanambre	transcription	366	288	38	4	12	2	3	2	0	0	sahul_extended
rosettaproject_wnc_swadesh-1	wnc	Wantoat	transcription	188	176	3	0	1	2	0	0	0	0	lightly_extended
rosettaproject_wnd_swadesh-1	wnd	Wandarang	transcription	519	395	55	5	17	6	3	2	6	1	sahul_extended
rosettaproject_wno_swadesh-1	wno	Wano	transcription	107	106	1	0	1	0	0	0	0	0	core_swadesh
rosettaproject_wnp_swadesh-1	wnp	Wanap	transcription	83	80	3	0	1	0	0	0	1	0	core_swadesh
rosettaproject_wnu_swadesh-1	wnu	Usan	transcription	369	293	40	4	12	4	3	2	0	0	sahul_extended
rosettaproject_woa_swadesh-1	woa	Tyaraity	transcription	135	108	24	5	7	0	3	0	3	1	sahul_extended
rosettaproject_wod_swadesh-1	wod	Wolani	transcription	116	113	3	0	2	0	0	0	0	0	core_swadesh
rosettaproject_woe_swadesh-1	woe	Woleaian	transcription	179	175	4	0	0	0	0	0	0	0	core_swadesh
rosettaproject_wog_swadesh-1	wog	Wogamusin	transcription	98	84	7	0	2	0	0	0	4	1	core_swadesh
rosettaproject_woi_swadesh-1	woi	Kamang	transcription	614	533	19	0	8	0	0	0	3	1	lightly_extended
rosettaproject_wra_swadesh-1	wra	Warapu	transcription	201	168	28	2	7	4	3	0	4	1	sahul_extended
rosettaproject_wrb_swadesh-1	wrb	Warluwara	transcription	30	20	7	0	1	0	0	0	6	1	core_swadesh
rosettaproject_wrh_swadesh-1	wrh	Wiradhuri	transcription	63	55	8	2	4	0	0	0	2	1	sahul_extended
rosettaproject_wrn_swadesh-1	wrn	Warnang	transcription	158	155	2	0	2	0	0	0	0	0	core_swadesh
rosettaproject_wrr_swadesh-1	wrr	Wardaman	transcription	354	284	48	5	14	5	4	2	5	1	sahul_extended
rosettaproject_wrs_swadesh-1	wrs	Waris	transcription	862	749	42	4	11	1	4	2	3	1	sahul_extended
rosettaproject_wrv_swadesh-1	wrv	Waruna	transcription	238	177	42	3	16	5	2	1	1	0	sahul_extended
rosettaproject_wrz_swadesh-1	wrz	Waray	transcription	220	156	30	4	11	4	4	2	0	0	sahul_extended
rosettaproject_wsa_swadesh-1	wsa	Warembori	transcription	323	275	31	2	5	4	3	2	6	1	sahul_extended
rosettaproject_wsk_swadesh-1	wsk	Waskia	transcription	372	298	38	3	11	4	3	2	0	0	sahul_extended
rosettaproject_wtf_swadesh-1	wtf	Dumpu	transcription	326	261	38	4	13	4	3	0	0	0	sahul_extended
rosettaproject_wti_swadesh-1	wti	Berta	transcription	400	365	24	0	9	4	0	0	0	0	extended_worldwide
rosettaproject_wub_swadesh-1	wub	Wunambal	transcription	27	22	3	2	0	0	0	0	0	0	sahul_extended
rosettaproject_wul_swadesh-1	wul	Silimo	transcription	248	207	32	1	11	5	3	1	2	1	extended_worldwide
rosettaproject_wut_swadesh-1	wut	Wutung	transcription	178	163	13	2	3	2	0	0	1	0	sahul_extended
rosettaproject_wux_swadesh-1	wux	Wulna	transcription	149	117	17	0	8	2	2	1	0	0	extended_worldwide
rosettaproject_wyb_swadesh-1	wyb	Wangaaybuwan-Ngiyambaa	transcription	235	186	41	2	11	4	3	2	5	1	sahul_extended
rosettaproject_wyy_swadesh-1	wyy	Fijian, Western	transcription	182	178	4	0	0	0	0	0	0	0	core_swadesh
rosettaproject_xam_swadesh-1	xam	/Xam	transcription	294	256	27	0	13	2	2	0	2	1	extended_worldwide
rosettaproject_xan_swadesh-1	xan	Xamtanga	transcription	94	91	3	0	0	0	0	0	0	0	core_swadesh
rosettaproject_xar_swadesh-1	xar	Karami	transcription	71	55	15	3	7	0	0	0	0	0	sahul_extended
rosettaproject_xau_swadesh-1	xau	Kauwera	transcription	244	187	37	3	16	4	1	2	0	0	sahul_extended
rosettaproject_xeg_swadesh-1	xeg	//Xegwi	transcription	376	323	33	0	14	2	3	2	2	1	extended_worldwide
rosettaproject_xel_swadesh-1	xel	Kelo	transcription	299	275	20	0	3	4	2	0	0	0	extended_worldwide
rosettaproject_xes_swadesh-1	xes	Kesawai	transcription	334	272	40	4	13	4	3	2	0	0	sahul_extended
rosettaproject_xeu_swadesh-1	xeu	Keoru-Ahia	transcription	256	229	10	1	1	1	2	0	1	0	lightly_extended
rosettaproject_xii_swadesh-1	xii	Xiri	transcription	50	44	6	0	1	2	0	1	0	0	lightly_extended
rosettaproject_xla_swadesh-1	xla	Kamula	transcription	287	266	16	3	5	1	2	0	1	0	sahul_extended
rosettaproject_xmu_swadesh-1	xmu	Kamu	transcription	125	98	24	5	7	0	3	0	3	1	sahul_extended
rosettaproject_xod_swadesh-1	xod	Kokoda	transcription	136	123	9	0	2	0	0	0	2	1	core_swadesh
rosettaproject_xom_swadesh-1	xom	Komo	transcription	220	205	13	0	1	2	0	0	2	1	lightly_extended
rosettaproject_xop_swadesh-1	xop	Kopar	transcription	158	133	15	1	4	4	2	0	0	0	extended_worldwide
rosettaproject_xow_swadesh-1	xow	Kowaki	transcription	355	286	36	4	11	4	3	0	0	0	sahul_extended
rosettaproject_xrw_swadesh-1	xrw	Karawa	transcription	70	68	2	0	1	0	0	0	0	0	core_swadesh
rosettaproject_xse_swadesh-1	xse	Sempan	transcription	160	132	19	0	7	2	3	1	0	0	extended_worldwide
rosettaproject_xsp_swadesh-1	xsp	Silopi	transcription	357	280	44	4	13	4	3	2	3	1	sahul_extended
rosettaproject_xtc_swadesh-1	xtc	Katcha-Kadugli-Miri	transcription	825	747	23	0	6	4	0	0	2	1	extended_worldwide
rosettaproject_xte_swadesh-1	xte	Ketengban	transcription	155	142	8	0	2	0	2	0	0	0	lightly_extended
rosettaproject_xwg_swadesh-1	xwg	Kwegu	transcription	95	93	2	0	0	0	0	0	0	0	core_swadesh
rosettaproject_ybm_swadesh-1	ybm	Yaben	transcription	370	282	39	4	11	4	3	2	0	0	sahul_extended
rosettaproject_ybo_swadesh-1	ybo	Yabong	transcription	385	299	42	4	13	2	3	2	3	1	sahul_extended
rosettaproject_ybx_swadesh-1	ybx	Yawiyo	transcription	83	68	15	2	8	2	1	0	0	0	sahul_extended
rosettaproject_yby_swadesh-1	yby	Yaweyuha	transcription	274	221	33	3	10	4	3	0	4	1	sahul_extended
rosettaproject_ydd_swadesh-1	ydd	Yiddish, Eastern	transcription	209	208	1	0	0	0	0	0	0	0	core_swadesh
rosettaproject_ydk_swadesh-1	ydk	Yoidik	transcription	370	297	43	4	13	4	3	2	3	1	sahul_extended
rosettaproject_yee_swadesh-1	yee	Yimas	transcription	331	278	34	4	8	2	4	0	4	1	sahul_extended
rosettaproject_yev_swadesh-1	yev	Yapunda	transcription	20	20	0	0	0	0	0	0	0	0	core_swadesh
rosettaproject_yey_swadesh-1	yey	Yeyi	transcription	79	79	0	0	0	0	0	0	0	0	core_swadesh
rosettaproject_ygr_swadesh-1	ygr	Yagaria	transcription	206	172	25	2	5	4	3	0	4	1	sahul_extended
rosettaproject_ygw_swadesh-1	ygw	Yagwoia	transcription	101	98	3	0	1	0	0	0	1	0	core_swadesh
rosettaproject_yii_swadesh-1	yii	Yidiny	transcription	247	198	36	2	8	5	4	1	2	1	sahul_extended
rosettaproject_yij_swadesh-1	yij	Yindjibarndi	transcription	329	255	51	3	15	4	3	2	6	1	sahul_extended
rosettaproject_yis_swadesh-1	yis	Yis	transcription	72	69	3	0	1	0	0	0	1	0	core_swadesh
rosettaproject_yki_swadesh-1	yki	Yoke	transcription	180	149	19	1	7	2	2	0	3	1	extended_worldwide
rosettaproject_ykr_swadesh-1	ykr	Yekora	transcription	59	55	4	0	0	0	0	0	3	1	core_swadesh
rosettaproject_yle_swadesh-1	yle	Yele	transcription	1131	915	50	1	16	6	4	0	5	1	extended_worldwide
rosettaproject_ylg_swadesh-1	ylg	Yelogu	transcription	304	265	22	0	8	2	0	0	4	1	extended_worldwide
rosettaproject_yli_swadesh-1	yli	Yali, Angguruk	transcription	66	65	1	0	1	0	0	0	0	0	core_swadesh
rosettaproject_yll_swadesh-1	yll	Yil	transcription	71	68	3	0	1	0	0	0	1	0	core_swadesh
rosettaproject_ymb_swadesh-1	ymb	Yambes	transcription	367	327	26	2	7	4	3	0	4	1	sahul_extended
rosettaproject_ynl_swadesh-1	ynl	Yangulam	transcription	332	252	39	3	13	4	3	0	3	1	sahul_extended
rosettaproject_yon_swadesh-1	yon	Yonggom	transcription	220	193	18	3	6	2	0	0	0	0	sahul_extended
rosettaproject_yrb_swadesh-1	yrb	Yareba	transcription	183	156	18	1	2	3	3	0	3	1	extended_worldwide
rosettaproject_yrw_swadesh-1	yrw	Yarawata	transcription	357	281	40	4	12	4	3	2	0	0	sahul_extended
rosettaproject_yss_swadesh-1	yss	Yessan-Mayo	transcription	108	98	7	0	1	0	1	0	3	1	core_swadesh
rosettaproject_yuj_swadesh-1	yuj	Karkar-Yuri	transcription	1018	858	30	4	6	4	3	0	4	1	sahul_extended
rosettaproject_yul_swadesh-1	yul	Yulu	transcription	54	54	0	0	0	0	0	0	0	0	core_swadesh
rosettaproject_yur_swadesh-1	yur	Yurok	transcription	183	183	0	0	0	0	0	0	0	0	core_swadesh
rosettaproject_yut_swadesh-1	yut	Yopno	transcription	90	84	3	0	1	2	0	0	0	0	lightly_extended
rosettaproject_yuw_swadesh-1	yuw	Yau	transcription	191	188	1	0	0	1	0	0	0	0	core_swadesh
rosettaproject_yva_swadesh-1	yva	Yawa	transcription	682	553	32	1	6	2	1	2	4	1	extended_worldwide
rosettaproject_yyu_swadesh-1	yyu	Yau	transcription	71	68	3	0	1	0	0	0	1	0	core_swadesh
rosettaproject_zag_swadesh-1	zag	Zaghawa	transcription	25	25	0	0	0	0	0	0	0	0	core_swadesh
rosettaproject_zay_swadesh-1	zay	Zaysete	transcription	116	112	3	0	0	0	0	0	0	0	core_swadesh
rosettaproject_zen_swadesh-1	zen	Zenaga	transcription	293	246	38	0	15	6	2	0	0	0	extended_worldwide
rosettaproject_zgr_swadesh-1	zgr	Magori	transcription	55	49	4	0	2	0	0	0	0	0	core_swadesh
rosettaproject_zia_swadesh-1	zia	Zia	transcription	76	67	6	0	0	1	0	0	4	1	core_swadesh
rosettaproject_zik_swadesh-1	zik	Zimakani	transcription	438	342	33	3	14	4	2	1	0	0	sahul_extended
rosettaproject_zma_swadesh-1	zma	Manda	transcription	146	113	27	5	7	0	3	0	6	1	sahul_extended
rosettaproject_zmc_swadesh-1	zmc	Margany	transcription	348	264	49	3	17	6	3	2	4	1	sahul_extended
rosettaproject_zmd_swadesh-1	zmd	Maridan	transcription	112	91	21	5	6	0	3	0	1	0	sahul_extended
rosettaproject_zme_swadesh-1	zme	Mangerr	transcription	248	185	52	5	15	6	3	2	6	1	sahul_extended
rosettaproject_zmj_swadesh-1	zmj	Maridjabin	transcription	119	97	22	5	7	0	3	0	1	0	sahul_extended
rosettaproject_zml_swadesh-1	zml	Madngele	transcription	232	186	24	5	7	0	3	0	3	1	sahul_extended
rosettaproject_zmm_swadesh-1	zmm	Marimanindji	transcription	136	106	27	5	7	0	3	0	6	1	sahul_extended
rosettaproject_zmo_swadesh-1	zmo	Molo	transcription	186	167	18	0	3	3	2	0	0	0	extended_worldwide
rosettaproject_zmr_swadesh-1	zmr	Maranunggu	transcription	293	219	51	5	15	5	4	2	6	1	sahul_extended
rosettaproject_zmt_swadesh-1	zmt	Maringarr	transcription	139	105	27	5	7	0	3	0	6	1	sahul_extended
rosettaproject_zmu_swadesh-1	zmu	Muruwari	transcription	378	297	49	2	16	6	3	2	4	1	sahul_extended
rosettaproject_zne_swadesh-1	zne	Zande	transcription	528	442	51	1	17	6	4	2	0	0	extended_worldwide
rosettaproject_zng_swadesh-1	zng	Mang	transcription	93	92	1	0	0	0	0	0	0	0	core_swadesh
rosettaproject_zrs_swadesh-1	zrs	Mairasi	transcription	346	279	38	1	13	1	4	2	1	0	extended_worldwide
rosettaproject_zul_swadesh-1	zul	Zulu	transcription	131	130	1	0	0	0	0	0	0	0	core_swadesh
rosettaproject_zwa_swadesh-1	zwa	Zay	transcription	97	94	3	0	0	0	0	0	0	0	core_swadesh
